route_id,route_short_name,route_long_name,n_delay_events,avg_delay_min,share_over_5min,share_on_time_or_early
10141_109,S1,,62,1.467741935483871,0.0967741935483871,0.5161290322580645
10142_109,S1,,38,2.789473684210526,0.15789473684210525,0.42105263157894735
10143_109,S2,,52,1.0576923076923077,0.07692307692307693,0.5
10144_109,S2,,22,0.7727272727272727,0.045454545454545456,0.45454545454545453
10145_109,S25,,15,0.8666666666666667,0.0,0.5333333333333333
10148_109,S3,,65,2.076923076923077,0.1076923076923077,0.4461538461538462
10149_109,S3,,51,3.392156862745098,0.17647058823529413,0.3333333333333333
10150_109,S3,,8,0.5,0.0,0.5
10154_109,S45,,11,4.181818181818182,0.2727272727272727,0.5454545454545454
10155_109,S46,,50,1.66,0.08,0.46
10157_109,S5,,70,2.6,0.15714285714285714,0.4
10158_109,S5,,32,1.90625,0.0625,0.375
10159_109,S5,,4,5.5,0.25,0.25
10160_109,S5,,8,1.125,0.0,0.25
10162_109,S7,,105,1.4857142857142858,0.06666666666666667,0.4857142857142857
10163_109,S7,,42,2.5476190476190474,0.11904761904761904,0.4523809523809524
10165_109,S75,,25,2.68,0.12,0.4
10166_109,S75,,12,0.4166666666666667,0.0,0.4166666666666667
10167_109,S8,,62,1.5,0.06451612903225806,0.532258064516129
10170_109,S9,,85,2.0588235294117645,0.09411764705882353,0.4
10223_109,S41,,99,1.1414141414141414,0.04040404040404041,0.47474747474747475
10224_109,S41,,29,2.586206896551724,0.06896551724137931,0.3103448275862069
10225_109,S41,,5,2.2,0.2,0.6
10226_109,S42,,86,2.0348837209302326,0.08139534883720931,0.38372093023255816
10227_109,S42,,41,1.6341463414634145,0.07317073170731707,0.4634146341463415
10228_109,S42,,4,1.25,0.0,0.5
10229_109,S47,,10,2.5,0.2,0.3
10231_700,S2,,5,0.0,0.0,0.8
10234_700,917,,1,-2.0,0.0,1.0
10236_700,S46,,6,-0.16666666666666666,0.0,0.8333333333333334
10272_700,S7,,21,0.5714285714285714,0.047619047619047616,0.5238095238095238
10276_109,S1,,9,0.6666666666666666,0.0,0.5555555555555556
10278_109,S2,,2,-0.5,0.0,1.0
10286_700,S1,,7,0.0,0.0,0.7142857142857143
10296_3,657,,2,3.0,0.0,0.0
10296_700,657,,1,0.0,0.0,1.0
10371_700,S9,,6,1.3333333333333333,0.0,0.3333333333333333
10456_700,S5,,4,-0.5,0.0,0.75
10671_700,668,,2,4.5,0.0,0.0
10672_700,672,,7,3.0,0.14285714285714285,0.42857142857142855
10673_700,673,,3,5.666666666666667,0.3333333333333333,0.6666666666666666
10674_700,674,,7,1.0,0.0,0.42857142857142855
10676_700,676,,5,0.2,0.0,0.6
10677_700,677,,1,1.0,0.0,0.0
10678_700,678,,5,4.8,0.4,0.4
10679_700,679,,3,1.6666666666666667,0.0,0.3333333333333333
10682_700,684,,7,3.857142857142857,0.2857142857142857,0.5714285714285714
10683_3,685,,1,5.0,0.0,0.0
10683_700,685,,2,0.5,0.0,0.5
10684_700,687,,1,0.0,0.0,1.0
10913_700,755,,9,0.5555555555555556,0.0,0.5555555555555556
11342_700,S41,,7,1.1428571428571428,0.0,0.5714285714285714
11343_700,S8,,4,1.25,0.0,0.5
11362_700,N14,,11,1.0909090909090908,0.0,0.18181818181818182
11364_700,X15,,6,1.6666666666666667,0.16666666666666666,0.6666666666666666
11387_700,S75,,7,1.2857142857142858,0.0,0.42857142857142855
11536_109,S46,,2,0.5,0.0,0.5
11561_109,S3,,1,1.0,0.0,0.0
11651_700,S47,,1,-1.0,0.0,1.0
12003_109,S85,,18,1.7777777777777777,0.1111111111111111,0.3333333333333333
12193_700,N1,,3,14.333333333333334,0.6666666666666666,0.0
12532_900,88,,12,0.75,0.0,0.5
12533_900,89,,2,2.0,0.5,0.5
12889_900,2,,18,2.5555555555555554,0.1111111111111111,0.5
12890_900,3,,18,1.6666666666666667,0.1111111111111111,0.3888888888888889
12891_900,4,,26,3.0,0.19230769230769232,0.4230769230769231
13105_700,12,,6,-0.16666666666666666,0.0,0.8333333333333334
13106_700,13,,1,2.0,0.0,0.0
13107_700,15,,9,3.2222222222222223,0.1111111111111111,0.2222222222222222
13108_700,16,,12,1.8333333333333333,0.08333333333333333,0.4166666666666667
13109_700,18,,1,-1.0,0.0,1.0
13110_700,19,,2,2.5,0.0,0.5
13111_700,20,,3,1.3333333333333333,0.0,0.6666666666666666
13113_700,21,,10,3.9,0.2,0.3
13114_700,22,,2,0.0,0.0,0.5
13115_700,23,,2,-0.5,0.0,0.5
13116_700,25,,1,5.0,0.0,0.0
13118_700,26,,2,0.0,0.0,1.0
13120_700,29,,2,6.5,0.5,0.0
13122_700,32,,2,1.0,0.0,0.5
13123_700,33,,3,-0.6666666666666666,0.0,1.0
13125_700,35,,3,0.0,0.0,0.6666666666666666
13126_700,37,,2,7.5,0.5,0.5
13132_700,43,,1,-2.0,0.0,1.0
13133_700,44,,5,1.4,0.0,0.4
13136_700,47,,2,3.0,0.0,0.0
13418_700,669,,1,1.0,0.0,0.0
13438_900,99,,13,2.769230769230769,0.15384615384615385,0.3076923076923077
13443_700,17,,2,6.5,0.5,0.5
13543_3,831,,5,1.6,0.2,0.4
13543_700,831,,1,1.0,0.0,0.0
13728_700,793,,1,-1.0,0.0,1.0
13729_700,794,,2,0.0,0.0,0.5
13730_700,797,,4,0.25,0.0,0.75
13889_700,792,,4,0.25,0.0,0.5
14383_700,S42,,8,1.625,0.125,0.5
14478_700,860,,1,15.0,1.0,0.0
14733_700,867,,10,4.2,0.1,0.2
14753_700,810,,1,-2.0,0.0,1.0
14754_700,814,,1,1.0,0.0,0.0
14755_3,834,,1,-1.0,0.0,1.0
14979_700,38,,1,-3.0,0.0,1.0
15020_700,14,,3,5.0,0.3333333333333333,0.3333333333333333
15024_700,24,,1,8.0,1.0,0.0
15026_700,30,,1,18.0,1.0,0.0
15029_700,48,,1,-1.0,0.0,1.0
15260_700,L/530,,1,2.0,0.0,0.0
15273_700,603,,9,0.4444444444444444,0.0,0.5555555555555556
15274_700,605,,23,0.9565217391304348,0.08695652173913043,0.6521739130434783
15276_700,609,,11,-0.5454545454545454,0.0,0.7272727272727273
15277_700,638,,7,2.7142857142857144,0.14285714285714285,0.2857142857142857
15279_700,X5,,2,5.5,0.5,0.5
1546_700,692,,30,1.8666666666666667,0.1,0.5
1547_700,693,,26,1.6923076923076923,0.11538461538461539,0.5
1548_700,694,,63,1.8095238095238095,0.09523809523809523,0.49206349206349204
1549_700,695,,23,0.6086956521739131,0.0,0.5217391304347826
1550_700,696,,8,2.25,0.125,0.375
1551_700,697,,12,3.9166666666666665,0.25,0.5
1552_700,N15,,3,-0.6666666666666666,0.0,0.6666666666666666
1554_700,N17,,8,1.625,0.125,0.5
1555_1000,F1,,1,2.0,0.0,0.0
1556_900,92,,32,0.8125,0.03125,0.5
1558_900,94,,34,0.7941176470588235,0.029411764705882353,0.5
15624_700,10,,2,0.0,0.0,0.5
15714_700,742,,1,0.0,0.0,1.0
15959_700,612,,3,-0.3333333333333333,0.0,1.0
16009_700,741,,9,0.0,0.0,0.7777777777777778
16214_700,983,,5,0.2,0.0,0.4
16345_100,RB33,,4,1.5,0.0,0.0
16349_100,RB51,,3,0.6666666666666666,0.0,0.6666666666666666
16354_700,600,,7,0.2857142857142857,0.0,0.5714285714285714
16374_700,882,,3,4.333333333333333,0.3333333333333333,0.0
16709_3,670,,5,2.2,0.0,0.2
16733_700,681,,3,0.6666666666666666,0.0,0.6666666666666666
16735_700,683,,3,2.3333333333333335,0.0,0.0
16774_700,774,,1,7.0,1.0,0.0
16814_109,S7,,3,7.666666666666667,0.3333333333333333,0.0
16815_109,S7,,1,0.0,0.0,1.0
16859_700,N16,,1,4.0,0.0,0.0
16867_106,RB13,,4,1.0,0.0,0.25
16915_700,616,,12,1.8333333333333333,0.08333333333333333,0.5
16929_109,S41,,4,0.25,0.0,0.5
17039_700,RB33,,1,5.0,0.0,0.0
17041_700,RB51,,1,0.0,0.0,1.0
17063_700,559,,3,-1.0,0.0,1.0
17065_700,596,,2,4.5,0.5,0.0
17280_700,21,,35,1.0285714285714285,0.05714285714285714,0.6571428571428571
17281_700,27,,48,2.2708333333333335,0.10416666666666667,0.3958333333333333
17283_700,60,,4,1.0,0.0,0.75
17289_700,100,,72,2.4444444444444446,0.1388888888888889,0.5416666666666666
17290_700,101,,91,1.7362637362637363,0.0989010989010989,0.43956043956043955
17292_700,106,,72,2.4166666666666665,0.1111111111111111,0.4027777777777778
17293_700,107,,29,1.7241379310344827,0.034482758620689655,0.3793103448275862
17294_700,108,,42,2.3333333333333335,0.14285714285714285,0.4523809523809524
17295_700,109,,49,2.693877551020408,0.1836734693877551,0.46938775510204084
17296_700,110,,69,1.3043478260869565,0.07246376811594203,0.4927536231884058
17297_700,112,,82,0.7804878048780488,0.04878048780487805,0.524390243902439
17298_700,114,,16,3.4375,0.1875,0.25
17299_700,115,,74,2.4594594594594597,0.10810810810810811,0.44594594594594594
17300_700,118,,85,1.9764705882352942,0.09411764705882353,0.47058823529411764
17301_900,12,,87,0.9080459770114943,0.05747126436781609,0.5172413793103449
17302_700,120,,105,2.5619047619047617,0.12380952380952381,0.4666666666666667
17303_700,122,,174,1.6724137931034482,0.07471264367816093,0.43103448275862066
17304_700,123,,121,2.7107438016528924,0.1487603305785124,0.3884297520661157
17305_700,124,,110,1.3272727272727274,0.07272727272727272,0.5181818181818182
17306_700,125,,151,2.033112582781457,0.12582781456953643,0.4304635761589404
17307_700,128,,25,2.48,0.12,0.52
17308_700,130,,57,2.1578947368421053,0.10526315789473684,0.40350877192982454
17309_700,131,,53,2.8867924528301887,0.16981132075471697,0.4716981132075472
17310_700,133,,59,1.305084745762712,0.03389830508474576,0.4915254237288136
17311_700,134,,102,1.8529411764705883,0.08823529411764706,0.45098039215686275
17312_700,135,,35,2.2285714285714286,0.08571428571428572,0.34285714285714286
17313_700,136,,54,2.2037037037037037,0.1111111111111111,0.4444444444444444
17314_700,137,,84,0.7976190476190477,0.07142857142857142,0.5952380952380952
17315_700,139,,69,1.9565217391304348,0.08695652173913043,0.463768115942029
17316_700,140,,96,1.6041666666666667,0.0625,0.40625
17317_700,142,,53,1.471698113207547,0.07547169811320754,0.4528301886792453
17318_700,147,,43,2.302325581395349,0.13953488372093023,0.4883720930232558
17319_700,150,,121,2.4710743801652892,0.15702479338842976,0.45454545454545453
17320_700,154,,75,3.3733333333333335,0.2,0.38666666666666666
17321_700,155,,42,1.5238095238095237,0.07142857142857142,0.35714285714285715
17322_700,156,,71,1.971830985915493,0.08450704225352113,0.4507042253521127
17323_700,158,,47,4.042553191489362,0.2127659574468085,0.3404255319148936
17324_900,16,,32,1.28125,0.0625,0.5
17325_700,160,,63,2.142857142857143,0.1111111111111111,0.4444444444444444
17326_700,161,,66,2.378787878787879,0.13636363636363635,0.4090909090909091
17327_700,162,,32,0.84375,0.03125,0.625
17328_700,163,,40,2.15,0.125,0.525
17329_700,164,,87,1.8735632183908046,0.09195402298850575,0.41379310344827586
17330_700,165,,100,1.96,0.09,0.41
17331_700,166,,46,1.9565217391304348,0.10869565217391304,0.5652173913043478
17332_700,168,,6,3.6666666666666665,0.16666666666666666,0.3333333333333333
17333_700,170,,94,1.4574468085106382,0.0425531914893617,0.425531914893617
17334_700,171,,108,1.9722222222222223,0.1111111111111111,0.3888888888888889
17335_700,172,,131,1.4427480916030535,0.061068702290076333,0.4198473282442748
17336_700,175,,14,1.2857142857142858,0.0,0.6428571428571429
17337_700,179,,30,2.033333333333333,0.13333333333333333,0.43333333333333335
17338_900,18,,61,1.3114754098360655,0.06557377049180328,0.5245901639344263
17339_700,181,,134,1.8208955223880596,0.07462686567164178,0.47761194029850745
17340_700,184,,91,1.945054945054945,0.0989010989010989,0.5274725274725275
17341_700,186,,141,1.7659574468085106,0.10638297872340426,0.41843971631205673
17342_700,187,,128,1.2578125,0.046875,0.453125
17343_700,188,,36,1.8611111111111112,0.05555555555555555,0.5
17344_700,190,,15,0.13333333333333333,0.0,0.8666666666666667
17345_700,191,,27,1.5925925925925926,0.037037037037037035,0.4074074074074074
17346_700,192,,51,1.4313725490196079,0.09803921568627451,0.49019607843137253
17347_700,194,,146,1.7808219178082192,0.08904109589041095,0.4863013698630137
17348_700,195,,118,1.8728813559322033,0.1271186440677966,0.5423728813559322
17349_700,197,,125,1.952,0.104,0.456
17350_700,200,,53,2.5283018867924527,0.11320754716981132,0.4339622641509434
17351_700,204,,21,3.0,0.14285714285714285,0.5238095238095238
17352_900,21,,104,1.4134615384615385,0.08653846153846154,0.5576923076923077
17353_700,218,,7,1.2857142857142858,0.0,0.5714285714285714
17354_700,220,,51,2.3137254901960786,0.11764705882352941,0.47058823529411764
17355_700,221,,113,1.5309734513274336,0.05309734513274336,0.5309734513274337
17356_700,222,,89,2.0786516853932584,0.0898876404494382,0.4943820224719101
17357_700,234,,11,1.5454545454545454,0.0,0.2727272727272727
17359_700,237,,74,2.945945945945946,0.13513513513513514,0.32432432432432434
17360_700,240,,125,2.024,0.088,0.432
17361_700,245,,79,2.810126582278481,0.12658227848101267,0.3291139240506329
17362_700,246,,78,1.9102564102564104,0.0641025641025641,0.358974358974359
17363_700,247,,61,1.2131147540983607,0.06557377049180328,0.5737704918032787
17364_700,248,,89,1.3707865168539326,0.07865168539325842,0.4606741573033708
17365_700,249,,58,1.4655172413793103,0.05172413793103448,0.5517241379310345
17366_700,250,,119,1.680672268907563,0.1092436974789916,0.4957983193277311
17367_700,255,,120,1.3833333333333333,0.06666666666666667,0.475
17368_700,256,,87,2.160919540229885,0.10344827586206896,0.367816091954023
17369_700,259,,30,1.6333333333333333,0.1,0.43333333333333335
17370_700,260,,101,1.9306930693069306,0.09900990099009901,0.49504950495049505
17372_700,265,,76,1.3157894736842106,0.06578947368421052,0.5
17373_700,269,,67,2.2388059701492535,0.13432835820895522,0.47761194029850745
17374_900,27,,96,2.125,0.10416666666666667,0.3958333333333333
17375_700,271,,19,1.263157894736842,0.05263157894736842,0.5789473684210527
17376_700,275,,8,2.5,0.125,0.5
17377_700,277,,91,1.5054945054945055,0.08791208791208792,0.5714285714285714
17378_700,282,,76,1.5789473684210527,0.06578947368421052,0.5131578947368421
17379_700,283,,58,0.7758620689655172,0.017241379310344827,0.5344827586206896
17380_700,284,,40,1.175,0.05,0.475
17381_700,285,,72,2.0416666666666665,0.1111111111111111,0.4861111111111111
17382_700,291,,16,2.0625,0.1875,0.5625
17383_700,294,,17,0.0,0.0,0.6470588235294118
17384_700,296,,43,1.5116279069767442,0.09302325581395349,0.46511627906976744
17385_700,309,,19,2.6315789473684212,0.10526315789473684,0.5789473684210527
17387_700,316,,14,0.9285714285714286,0.07142857142857142,0.7142857142857143
17388_700,318,,4,0.5,0.0,0.5
17389_700,320,,2,0.0,0.0,1.0
17390_700,322,,11,3.727272727272727,0.2727272727272727,0.2727272727272727
17391_700,324,,12,0.75,0.0,0.5
17392_700,326,,6,1.8333333333333333,0.0,0.3333333333333333
17393_700,327,,30,2.1333333333333333,0.1,0.6
17394_700,334,,4,2.0,0.0,0.25
17395_700,337,,10,2.3,0.1,0.1
17398_700,347,,41,1.7073170731707317,0.07317073170731707,0.5365853658536586
17400_700,350,,24,1.9583333333333333,0.08333333333333333,0.4583333333333333
17401_700,353,,17,2.235294117647059,0.11764705882352941,0.5294117647058824
17402_700,363,,13,2.1538461538461537,0.15384615384615385,0.3076923076923077
17403_700,369,,6,0.6666666666666666,0.0,0.6666666666666666
17404_900,37,,22,1.4545454545454546,0.045454545454545456,0.45454545454545453
17406_700,371,,9,1.4444444444444444,0.0,0.4444444444444444
17407_700,372,,12,0.6666666666666666,0.0,0.4166666666666667
17409_700,377,,27,0.9259259259259259,0.037037037037037035,0.48148148148148145
17410_700,380,,6,6.833333333333333,0.3333333333333333,0.3333333333333333
17411_700,390,,4,2.0,0.0,0.25
17412_700,395,,34,1.9411764705882353,0.08823529411764706,0.4117647058823529
17413_700,396,,22,4.090909090909091,0.22727272727272727,0.4090909090909091
17414_700,398,,34,1.1470588235294117,0.058823529411764705,0.35294117647058826
17415_700,399,,8,1.375,0.0,0.375
17416_900,50,,87,2.0229885057471266,0.09195402298850575,0.40229885057471265
17417_900,60,,72,1.9861111111111112,0.09722222222222222,0.4166666666666667
17418_900,61,,46,1.5217391304347827,0.10869565217391304,0.5869565217391305
17419_900,62,,55,1.5818181818181818,0.09090909090909091,0.5818181818181818
17420_900,63,,33,1.7575757575757576,0.09090909090909091,0.48484848484848486
17421_900,67,,33,2.1818181818181817,0.15151515151515152,0.3939393939393939
17422_900,68,,81,1.9382716049382716,0.08641975308641975,0.43209876543209874
17429_1000,F10,,1,0.0,0.0,1.0
17435_700,M1,,2,0.5,0.0,0.5
17438_900,M1,,143,1.944055944055944,0.09090909090909091,0.44755244755244755
17440_900,M10,,193,2.1865284974093266,0.11917098445595854,0.42487046632124353
17441_700,M11,,257,1.7704280155642023,0.08949416342412451,0.44357976653696496
17442_900,M13,,147,1.8027210884353742,0.09523809523809523,0.42857142857142855
17444_900,M17,,120,1.65,0.1,0.49166666666666664
17445_700,M19,,125,2.216,0.136,0.448
17446_900,M2,,84,1.8095238095238095,0.10714285714285714,0.5238095238095238
17447_700,M21,,146,2.2945205479452055,0.1095890410958904,0.4041095890410959
17448_700,M27,,206,1.616504854368932,0.0825242718446602,0.4563106796116505
17449_700,M29,,280,1.5464285714285715,0.07142857142857142,0.5142857142857142
17450_700,M32,,109,1.8440366972477065,0.10091743119266056,0.41284403669724773
17451_700,M37,,123,2.040650406504065,0.0975609756097561,0.43089430894308944
17452_900,M4,,183,1.7923497267759563,0.08196721311475409,0.40437158469945356
17453_700,M41,,225,2.4044444444444446,0.11555555555555555,0.4088888888888889
17454_700,M44,,105,1.438095238095238,0.06666666666666667,0.42857142857142855
17455_700,M45,,221,1.914027149321267,0.09502262443438914,0.46153846153846156
17456_700,M46,,203,2.044334975369458,0.09359605911330049,0.46798029556650245
17457_700,M48,,127,1.6614173228346456,0.07874015748031496,0.4251968503937008
17458_700,M49,,213,2.084507042253521,0.10328638497652583,0.38497652582159625
17459_900,M5,,181,1.408839779005525,0.055248618784530384,0.4861878453038674
17460_900,M6,,141,1.8439716312056738,0.09929078014184398,0.48936170212765956
17461_700,M76,,139,2.352517985611511,0.1223021582733813,0.4676258992805755
17462_700,M77,,62,1.7903225806451613,0.08064516129032258,0.43548387096774194
17463_900,M8,,158,2.0569620253164556,0.0949367088607595,0.43670886075949367
17464_700,M82,,113,1.823008849557522,0.07079646017699115,0.4690265486725664
17465_700,M85,,126,1.5158730158730158,0.07142857142857142,0.47619047619047616
17466_700,N1,,3,5.0,0.3333333333333333,0.0
17467_700,N2,,8,1.0,0.0,0.625
17468_700,N3,,1,-2.0,0.0,1.0
17469_700,N5,,11,0.45454545454545453,0.09090909090909091,0.6363636363636364
17470_700,N6,,7,0.42857142857142855,0.0,0.7142857142857143
17471_700,N7,,18,1.3333333333333333,0.1111111111111111,0.5
17472_700,N8,,3,0.6666666666666666,0.0,0.3333333333333333
17473_700,N9,,1,5.0,0.0,0.0
17474_700,N10,,10,2.0,0.1,0.3
17476_700,N20,,6,0.6666666666666666,0.0,0.5
17477_700,N22,,11,1.5454545454545454,0.0,0.2727272727272727
17478_700,N23,,5,0.0,0.0,0.8
17479_700,N24,,11,2.727272727272727,0.18181818181818182,0.45454545454545453
17480_700,N25,,1,1.0,0.0,0.0
17481_700,N26,,3,1.6666666666666667,0.0,0.0
17482_700,N30,,1,0.0,0.0,1.0
17483_700,N33,,4,2.75,0.0,0.25
17484_700,N34,,9,1.3333333333333333,0.1111111111111111,0.3333333333333333
17485_700,N35,,2,0.5,0.0,0.5
17486_700,N39,,3,0.0,0.0,0.3333333333333333
17487_700,N40,,7,1.8571428571428572,0.0,0.42857142857142855
17488_700,N42,,6,1.3333333333333333,0.0,0.16666666666666666
17489_700,N50,,15,1.0,0.06666666666666667,0.3333333333333333
17490_700,N52,,2,3.5,0.5,0.5
17491_700,N53,,1,-3.0,0.0,1.0
17492_700,N56,,8,3.875,0.25,0.25
17493_700,N58,,6,5.666666666666667,0.3333333333333333,0.16666666666666666
17494_700,N60,,16,3.25,0.1875,0.3125
17495_700,N61,,5,2.8,0.2,0.2
17496_700,N62,,10,1.2,0.1,0.7
17497_700,N65,,18,3.5,0.16666666666666666,0.3888888888888889
17499_700,N68,,2,2.0,0.0,0.0
17500_700,N69,,6,1.8333333333333333,0.16666666666666666,0.3333333333333333
17501_700,N70,,1,1.0,0.0,0.0
17503_700,N81,,10,1.2,0.0,0.4
17504_700,N84,,25,0.92,0.04,0.6
17505_700,N88,,7,4.857142857142857,0.2857142857142857,0.5714285714285714
17507_700,N91,,3,1.6666666666666667,0.0,0.0
17508_700,N94,,10,4.0,0.3,0.5
17509_700,N95,,3,1.3333333333333333,0.0,0.6666666666666666
17510_700,N97,,2,0.0,0.0,0.5
17512_400,U1,,34,2.5,0.14705882352941177,0.35294117647058826
17514_400,U2,,270,1.3518518518518519,0.06296296296296296,0.4925925925925926
17515_400,U3,,83,1.927710843373494,0.08433734939759036,0.4457831325301205
17516_400,U4,,12,1.5833333333333333,0.16666666666666666,0.6666666666666666
17518_400,U5,,68,1.1176470588235294,0.04411764705882353,0.4852941176470588
17520_700,U6,,76,1.5921052631578947,0.06578947368421052,0.4473684210526316
17521_400,U6,,82,1.7439024390243902,0.0975609756097561,0.45121951219512196
17522_700,U7,,1,0.0,0.0,1.0
17523_400,U7,,136,1.6397058823529411,0.07352941176470588,0.47794117647058826
17525_400,U8,,123,1.6422764227642277,0.07317073170731707,0.4146341463414634
17526_400,U9,,90,1.5444444444444445,0.08888888888888889,0.45555555555555555
17527_700,X7,,11,1.6363636363636365,0.09090909090909091,0.09090909090909091
17529_700,X10,,69,1.4202898550724639,0.043478260869565216,0.4057971014492754
17530_700,X11,,58,1.9310344827586208,0.1206896551724138,0.46551724137931033
17531_700,X21,,49,2.183673469387755,0.12244897959183673,0.4897959183673469
17532_700,X33,,71,1.295774647887324,0.07042253521126761,0.49295774647887325
17533_700,X34,,119,2.19327731092437,0.1092436974789916,0.3865546218487395
17534_700,X49,,12,1.3333333333333333,0.08333333333333333,0.6666666666666666
17535_700,X54,,57,2.1052631578947367,0.14035087719298245,0.47368421052631576
17536_700,X69,,42,1.7380952380952381,0.14285714285714285,0.4523809523809524
17537_700,X76,,26,2.4615384615384617,0.11538461538461539,0.3076923076923077
17538_700,X83,,140,2.8857142857142857,0.14285714285714285,0.35714285714285715
17541_700,4N,,5,4.8,0.2,0.4
17591_700,M6,,9,2.111111111111111,0.1111111111111111,0.2222222222222222
17609_700,M4,,97,2.2989690721649483,0.1134020618556701,0.38144329896907214
17680_100,RB45,,3,2.0,0.0,0.3333333333333333
17809_700,901,,4,5.5,0.25,0.25
17810_700,902,,7,0.7142857142857143,0.0,0.5714285714285714
17811_3,903,,3,1.0,0.0,0.3333333333333333
17811_700,903,,4,1.5,0.0,0.25
17812_700,904,,2,1.0,0.0,0.5
17813_700,905,,1,3.0,0.0,0.0
17814_700,912,,2,9.5,0.5,0.5
17818_3,919,,1,0.0,0.0,1.0
17818_700,919,,1,0.0,0.0,1.0
17819_700,920,,3,2.3333333333333335,0.0,0.3333333333333333
17823_700,931,,1,1.0,0.0,0.0
17825_700,933,,1,1.0,0.0,0.0
17826_3,934,,1,-1.0,0.0,1.0
17826_700,934,,1,1.0,0.0,0.0
17827_700,935,,2,2.0,0.0,0.5
17828_700,936,,1,2.0,0.0,0.0
17829_700,937,,2,-0.5,0.0,1.0
17833_700,941,,6,2.1666666666666665,0.16666666666666666,0.5
17834_700,942,,2,13.0,1.0,0.0
17836_700,944,,9,1.7777777777777777,0.1111111111111111,0.5555555555555556
17837_700,945,,7,3.4285714285714284,0.14285714285714285,0.42857142857142855
17838_700,946,,3,7.333333333333333,0.6666666666666666,0.3333333333333333
17839_700,947,,6,1.1666666666666667,0.16666666666666666,0.5
17840_700,948,,4,3.5,0.25,0.25
17841_700,949,,1,1.0,0.0,0.0
17843_3,951,,2,-1.5,0.0,1.0
17843_700,951,,1,2.0,0.0,0.0
17844_3,952,,1,2.0,0.0,0.0
17846_3,954,,3,2.0,0.0,0.3333333333333333
17846_700,954,,2,0.5,0.0,0.5
17847_3,955,,4,6.75,0.5,0.5
17847_700,955,,1,1.0,0.0,0.0
17848_3,957,,1,2.0,0.0,0.0
17848_700,957,,3,0.6666666666666666,0.0,0.6666666666666666
17849_700,958,,4,0.25,0.0,0.5
17850_3,960,,1,-4.0,0.0,1.0
17850_700,960,,1,1.0,0.0,0.0
17854_700,974,,1,0.0,0.0,1.0
17857_700,977,,2,1.0,0.0,0.5
17994_700,U2,,15,2.466666666666667,0.13333333333333333,0.3333333333333333
17999_900,M6,,39,1.5384615384615385,0.07692307692307693,0.48717948717948717
18325_700,550,,4,2.0,0.0,0.25
18326_700,554,,5,2.0,0.0,0.2
18328_700,567,,1,-1.0,0.0,1.0
18329_700,568,,1,0.0,0.0,1.0
18339_700,926,,3,1.0,0.0,0.6666666666666666
18341_700,928,,7,1.0,0.0,0.42857142857142855
18343_700,931,,1,-1.0,0.0,1.0
18344_700,932,,5,0.0,0.0,0.8
18345_700,933,,1,3.0,0.0,0.0
18346_700,934,,2,3.5,0.0,0.0
18348_700,937,,2,1.0,0.0,0.5
18349_700,939,,1,-2.0,0.0,1.0
18350_700,940,,10,6.8,0.3,0.0
18351_700,941,,4,5.5,0.25,0.25
18352_700,942,,1,5.0,0.0,0.0
18353_700,943,,4,5.25,0.25,0.25
18354_700,944,,9,3.111111111111111,0.2222222222222222,0.4444444444444444
18355_700,945,,6,3.5,0.16666666666666666,0.3333333333333333
18358_700,948,,5,0.4,0.0,0.6
18359_700,949,,5,6.0,0.2,0.0
18360_700,950,,14,-0.07142857142857142,0.0,0.5714285714285714
18361_700,951,,11,3.727272727272727,0.2727272727272727,0.45454545454545453
18363_700,956,,3,0.0,0.0,0.6666666666666666
18364_700,957,,3,-2.3333333333333335,0.0,1.0
18365_700,958,,5,4.6,0.2,0.2
18366_700,959,,4,0.0,0.0,0.25
18367_700,966,,3,1.0,0.0,0.3333333333333333
18368_700,967,,1,0.0,0.0,1.0
18369_700,968,,5,0.2,0.0,0.8
18370_700,969,,6,3.5,0.16666666666666666,0.5
18372_700,R931,,1,1.0,0.0,0.0
18374_700,169,,88,2.4318181818181817,0.125,0.3977272727272727
18470_700,592,,1,4.0,0.0,0.0
18471_700,546,,3,3.6666666666666665,0.3333333333333333,0.3333333333333333
1870_700,980,,21,1.619047619047619,0.047619047619047616,0.38095238095238093
1871_700,981,,31,2.225806451612903,0.12903225806451613,0.45161290322580644
1872_700,982,,7,3.5714285714285716,0.14285714285714285,0.2857142857142857
1874_700,984,,4,0.5,0.0,0.5
1877_700,987,,10,3.6,0.2,0.6
1878_700,988,,1,0.0,0.0,1.0
1879_900,1,,13,1.0,0.0,0.5384615384615384
1880_900,2,,15,2.6,0.06666666666666667,0.4
1881_900,3,,11,1.9090909090909092,0.0,0.36363636363636365
1882_900,4,,20,1.45,0.05,0.6
1883_900,5,,1,-4.0,0.0,1.0
18884_700,551,,1,2.0,0.0,0.0
18887_3,555,,2,-0.5,0.0,1.0
18888_700,558,,8,0.75,0.0,0.625
18889_700,560,,4,0.75,0.0,0.75
18891_700,562,,1,-1.0,0.0,1.0
18893_700,564,,1,0.0,0.0,1.0
18895_700,569,,9,1.7777777777777777,0.1111111111111111,0.5555555555555556
18896_700,571,,1,0.0,0.0,1.0
18898_700,580,,13,0.8461538461538461,0.07692307692307693,0.46153846153846156
18899_700,581,,13,3.076923076923077,0.15384615384615385,0.5384615384615384
18900_700,582,,13,1.3076923076923077,0.07692307692307693,0.5384615384615384
18902_700,584,,1,0.0,0.0,1.0
18903_700,585,,4,0.5,0.0,0.75
18904_700,586,,2,1.5,0.0,0.5
18905_700,587,,2,0.5,0.0,0.5
18906_700,588,,1,-1.0,0.0,1.0
18908_700,590,,2,-1.0,0.0,1.0
18909_700,601,,22,2.3636363636363638,0.13636363636363635,0.45454545454545453
18911_700,607,,14,2.7142857142857144,0.07142857142857142,0.35714285714285715
18913_700,608,,7,2.857142857142857,0.14285714285714285,0.5714285714285714
18914_700,610,,4,-1.25,0.0,1.0
18915_700,611,,11,4.818181818181818,0.2727272727272727,0.18181818181818182
18916_700,612,,1,5.0,0.0,0.0
18917_700,613,,5,0.6,0.0,0.6
18920_700,620,,54,2.0555555555555554,0.1111111111111111,0.4444444444444444
18921_700,621,,6,0.16666666666666666,0.0,0.6666666666666666
18922_700,622,,20,1.8,0.1,0.6
18923_700,623,,28,1.0,0.07142857142857142,0.5714285714285714
18926_700,626,,25,2.08,0.08,0.44
18928_700,628,,1,2.0,0.0,0.0
18929_700,629,,8,2.125,0.0,0.25
18930_700,630,,4,2.5,0.0,0.25
18931_700,631,,25,1.2,0.08,0.6
18932_700,632,,8,0.375,0.0,0.5
18933_700,633,,8,-0.125,0.0,0.625
18934_700,634,,4,5.0,0.25,0.25
18935_700,635,,5,0.4,0.0,0.8
18937_700,643,,23,0.6521739130434783,0.08695652173913043,0.6086956521739131
18939_700,645,,17,1.2352941176470589,0.058823529411764705,0.47058823529411764
18940_700,646,,3,3.6666666666666665,0.3333333333333333,0.3333333333333333
18941_700,647,,4,4.75,0.25,0.25
18943_700,N13,,2,2.0,0.0,0.5
18945_700,X1,,16,2.0,0.125,0.5
18949_109,S26,,9,3.4444444444444446,0.2222222222222222,0.5555555555555556
18969_100,RB46,,2,1.5,0.0,0.0
19009_700,897,,11,1.4545454545454546,0.09090909090909091,0.45454545454545453
19019_700,365,,7,3.142857142857143,0.14285714285714285,0.14285714285714285
19058_100,RE3,,19,1.4210526315789473,0.05263157894736842,0.47368421052631576
19059_100,RE5,,7,1.7142857142857142,0.14285714285714285,0.5714285714285714
19060_100,RB31,,3,4.333333333333333,0.3333333333333333,0.3333333333333333
19062_100,RE15,,4,-1.25,0.0,0.75
19063_100,RE18,,2,0.5,0.0,0.5
19065_100,RB55,,2,2.5,0.0,0.5
19066_100,RE6,,11,0.5454545454545454,0.0,0.5454545454545454
19079_700,715,,5,7.2,0.4,0.2
19084_700,401,,2,0.5,0.0,0.5
19085_700,403,,11,-0.45454545454545453,0.0,0.8181818181818182
19087_700,413,,2,0.5,0.0,0.5
19088_700,414,,1,7.0,1.0,0.0
19089_700,416,,2,0.0,0.0,0.5
19090_700,419,,1,3.0,0.0,0.0
19091_700,421,,1,3.0,0.0,0.0
19092_700,424,,3,0.0,0.0,1.0
19093_700,425,,3,5.0,0.3333333333333333,0.6666666666666666
19097_700,432,,3,1.3333333333333333,0.0,0.6666666666666666
19098_700,435,,1,-1.0,0.0,1.0
19100_700,445,,1,1.0,0.0,0.0
19101_700,447,,9,1.0,0.0,0.4444444444444444
19102_700,448,,5,1.8,0.2,0.6
19103_700,450,,3,0.6666666666666666,0.0,0.6666666666666666
19104_700,451,,3,0.3333333333333333,0.0,0.6666666666666666
19110_700,457,,2,2.5,0.0,0.0
19111_700,459,,3,1.0,0.0,0.3333333333333333
19112_700,460,,3,4.666666666666667,0.3333333333333333,0.3333333333333333
19115_700,464,,1,0.0,0.0,1.0
19116_700,465,,1,5.0,0.0,0.0
19118_700,468,PlusBus Nationalparklinie,6,1.5,0.0,0.3333333333333333
19119_700,469,,1,6.0,1.0,0.0
19121_700,472,,3,0.0,0.0,0.6666666666666666
19122_700,473,,2,2.0,0.0,0.0
19123_700,474,,2,-1.0,0.0,1.0
19124_700,475,,1,15.0,1.0,0.0
19126_700,481,,15,2.933333333333333,0.13333333333333333,0.3333333333333333
19127_700,482,,18,2.4444444444444446,0.16666666666666666,0.4444444444444444
19128_700,484,,1,1.0,0.0,0.0
19129_700,486,,2,1.5,0.0,0.0
19131_700,491,,4,1.75,0.0,0.25
19133_700,494,,5,1.4,0.2,0.4
19134_700,501,,1,3.0,0.0,0.0
19135_700,502,,1,10.0,1.0,0.0
19136_700,503,,2,3.0,0.0,0.0
19140_700,508,,1,-2.0,0.0,1.0
19141_700,509,,3,0.3333333333333333,0.0,0.6666666666666666
19142_700,510,,1,-1.0,0.0,1.0
19146_700,515,,8,1.0,0.0,0.375
19147_700,517,,2,5.5,0.5,0.0
19149_700,519,,1,7.0,1.0,0.0
19150_700,531,,6,1.6666666666666667,0.16666666666666666,0.3333333333333333
19155_109,S4,,10,1.9,0.0,0.2
19156_109,S1,,10,-0.3,0.0,0.7
19157_100,RB51,,5,-0.2,0.0,0.6
19189_700,RB25,,2,-1.0,0.0,1.0
1920_700,650,,3,-0.6666666666666666,0.0,0.6666666666666666
19211_700,X43,,4,0.5,0.0,0.75
1921_700,651,,8,-0.25,0.0,0.75
1922_3,652,,1,4.0,0.0,0.0
1922_700,652,,3,3.0,0.3333333333333333,0.6666666666666666
19235_700,RB63,,2,-1.5,0.0,0.5
1923_700,653,,18,2.611111111111111,0.1111111111111111,0.4444444444444444
19244_700,914,,2,1.0,0.0,0.5
1924_3,654,,1,0.0,0.0,1.0
1924_700,654,,8,1.75,0.125,0.5
1925_700,655,,8,1.75,0.125,0.375
1926_700,656,,1,0.0,0.0,1.0
1928_700,658,,4,4.5,0.25,0.5
1929_700,659,,13,1.0769230769230769,0.07692307692307693,0.5384615384615384
1930_700,661,,7,0.8571428571428571,0.0,0.5714285714285714
1931_700,662,,7,1.1428571428571428,0.0,0.5714285714285714
1933_700,664,,3,0.6666666666666666,0.0,0.3333333333333333
1934_700,665,,1,-2.0,0.0,1.0
1935_700,666,,6,1.1666666666666667,0.0,0.5
1936_700,667,,2,7.5,0.5,0.0
1938_700,671,,13,0.9230769230769231,0.0,0.5384615384615384
1939_700,680,,1,1.0,0.0,0.0
1945_700,604,,7,3.5714285714285716,0.14285714285714285,0.14285714285714285
1955_700,614,,17,1.9411764705882353,0.11764705882352941,0.4117647058823529
19681_100,RE14,,1,-2.0,0.0,1.0
19685_100,RB24,,1,1.0,0.0,0.0
19686_100,RB23,,2,17.5,1.0,0.0
19705_700,RE7,,3,0.6666666666666666,0.0,0.3333333333333333
19708_700,RE3,,3,4.0,0.3333333333333333,0.3333333333333333
19712_700,RB66,,2,0.5,0.0,0.5
19714_700,RB49,,1,0.0,0.0,1.0
19715_700,RB43,,1,0.0,0.0,1.0
19717_700,RB24,,1,1.0,0.0,0.0
1971_700,642,,12,1.5,0.08333333333333333,0.4166666666666667
20359_700,N18,,3,-2.0,0.0,1.0
20364_700,714,,12,1.1666666666666667,0.0,0.3333333333333333
20369_100,RB65,,4,2.5,0.0,0.25
20373_106,RB64,,2,3.0,0.0,0.0
20439_900,87,,7,3.5714285714285716,0.14285714285714285,0.14285714285714285
20479_700,870,,8,2.875,0.125,0.375
20812_106,RB74,,1,1.0,0.0,0.0
20813_106,RB73,,1,11.0,1.0,0.0
20930_700,641,,10,1.5,0.1,0.4
20931_700,640,,2,-0.5,0.0,0.5
20969_700,823,,6,0.8333333333333334,0.0,0.3333333333333333
21205_700,EV1,,4,-0.75,0.0,0.75
21284_700,300,,59,2.593220338983051,0.15254237288135594,0.4745762711864407
21649_109,S25,,3,1.6666666666666667,0.0,0.3333333333333333
21680_700,N12,,2,2.0,0.0,0.0
21681_700,N77,,7,2.7142857142857144,0.14285714285714285,0.42857142857142855
21725_700,889,,4,2.0,0.0,0.25
21749_700,866,,3,8.0,0.3333333333333333,0.0
21750_700,889,,9,1.8888888888888888,0.1111111111111111,0.5555555555555556
21799_109,S42,,1,0.0,0.0,1.0
21947_700,2,,9,3.0,0.1111111111111111,0.5555555555555556
22069_700,S3A,,1,1.0,0.0,0.0
22070_700,S3B,,1,-1.0,0.0,1.0
22240_109,S85,,18,0.7777777777777778,0.0,0.3333333333333333
22389_700,N7X,,1,0.0,0.0,1.0
22390_700,X71,,29,0.20689655172413793,0.0,0.6206896551724138
22424_700,E30,,1,1.0,0.0,0.0
22451_700,541,,5,-0.8,0.0,1.0
22452_700,542,,4,1.0,0.0,0.5
22453_700,543,,2,9.5,0.5,0.0
22454_700,545,,1,1.0,0.0,0.0
22609_700,744,,48,2.0208333333333335,0.10416666666666667,0.4166666666666667
22625_700,N36,,20,1.75,0.1,0.35
22670_106,RB19,,2,-0.5,0.0,1.0
22674_700,N64,,14,2.0714285714285716,0.14285714285714285,0.5
22684_700,701,,2,14.0,1.0,0.0
22686_700,703,,1,3.0,0.0,0.0
22687_700,704,,1,1.0,0.0,0.0
22689_700,706,,1,0.0,0.0,1.0
22691_700,711,,13,1.0,0.07692307692307693,0.6153846153846154
22692_700,712,,4,2.25,0.0,0.25
22693_700,713,,1,-1.0,0.0,1.0
22694_700,714,,1,-1.0,0.0,1.0
22695_700,715,,2,4.5,0.0,0.0
22696_700,717,,2,0.5,0.0,0.5
22697_700,719,,1,1.0,0.0,0.0
22698_700,740,,1,1.0,0.0,0.0
22701_700,743,,1,1.0,0.0,0.0
22702_700,744,,10,1.9,0.1,0.4
22703_700,745,,3,-1.0,0.0,0.6666666666666666
22704_700,746,,5,0.6,0.0,0.6
22705_700,748,,1,10.0,1.0,0.0
22706_700,752,,2,1.5,0.0,0.0
22707_700,754,,3,1.0,0.0,0.3333333333333333
22708_700,756,,7,2.857142857142857,0.14285714285714285,0.42857142857142855
22709_700,757,,2,3.0,0.0,0.0
22710_700,759,,2,4.0,0.0,0.0
22711_700,762,,2,-0.5,0.0,1.0
22712_700,764,,6,6.0,0.5,0.3333333333333333
22713_700,766,,1,0.0,0.0,1.0
22714_700,770,,14,0.5,0.07142857142857142,0.7142857142857143
22715_700,771,,1,0.0,0.0,1.0
22717_700,777,,3,-0.6666666666666666,0.0,1.0
22718_700,779,,1,3.0,0.0,0.0
22723_700,788,,2,7.5,0.5,0.0
22724_700,791,,2,3.0,0.5,0.5
22725_700,792,,2,-0.5,0.0,1.0
22739_700,758,,3,-0.3333333333333333,0.0,1.0
22754_700,M36,,143,1.937062937062937,0.1048951048951049,0.4825174825174825
22755_700,N96,,1,-1.0,0.0,1.0
22775_700,871,,1,-1.0,0.0,1.0
22804_700,263,,24,2.7083333333333335,0.125,0.4583333333333333
23154_700,X37,,21,2.761904761904762,0.14285714285714285,0.38095238095238093
23185_700,X2,,16,-0.25,0.0,0.625
23389_106,RB15,,2,2.5,0.0,0.0
23414_700,143,,38,1.4210526315789473,0.05263157894736842,0.4473684210526316
23415_700,M43,,145,1.103448275862069,0.06896551724137931,0.6206896551724138
23416_700,N43,,1,-1.0,0.0,1.0
23435_700,906,,8,0.125,0.0,0.75
23444_700,732,,8,3.0,0.125,0.5
23724_700,872,,7,4.142857142857143,0.2857142857142857,0.2857142857142857
23764_700,790,,4,2.5,0.0,0.0
23944_100,RB37,,2,1.5,0.0,0.5
23945_100,RE1,,51,1.0980392156862746,0.058823529411764705,0.49019607843137253
23946_100,RE8,,3,1.6666666666666667,0.0,0.0
23984_700,334R,,11,3.4545454545454546,0.18181818181818182,0.36363636363636365
24025_100,RE4,,7,2.142857142857143,0.0,0.2857142857142857
24042_100,RB43,,4,0.25,0.0,0.5
24043_100,RB49,,4,-0.25,0.0,0.75
24044_100,RB23,,2,-0.5,0.0,1.0
24045_100,RE2,,27,1.6666666666666667,0.1111111111111111,0.5185185185185185
24046_100,RB32,,1,1.0,0.0,0.0
24047_100,RE11,,3,-0.6666666666666666,0.0,1.0
24048_100,RE13,,1,2.0,0.0,0.0
24049_100,RB21,,11,1.1818181818181819,0.0,0.36363636363636365
24050_100,RB24,,1,0.0,0.0,1.0
24051_100,FEX,,6,2.5,0.16666666666666666,0.3333333333333333
24051_2,FEX,,2,2.5,0.5,0.5
24052_100,RB22,,12,0.5833333333333334,0.08333333333333333,0.5833333333333334
24053_100,RE7,,30,1.9333333333333333,0.06666666666666667,0.4
24055_100,RB14,,6,0.8333333333333334,0.0,0.5
24056_100,RB20,,3,2.6666666666666665,0.3333333333333333,0.6666666666666666
24057_100,RE10,,1,5.0,0.0,0.0
24141_2,IRE,,1,-2.0,0.0,1.0
24171_700,RE2,,2,1.0,0.0,0.5
24415_100,RE8,,4,-0.25,0.0,0.75
24524_700,RE11,,2,7.0,0.5,0.5
24694_700,903,,1,-1.0,0.0,1.0
24716_700,T4,,2,5.5,0.5,0.5
24759_700,X36,,56,2.232142857142857,0.08928571428571429,0.375
24824_700,601,,2,0.0,0.0,1.0
24826_700,603,,1,0.0,0.0,1.0
24827_700,604,,2,-1.5,0.0,1.0
24830_700,607,,2,2.5,0.0,0.0
24836_700,613,,2,2.0,0.0,0.0
24838_700,615,,1,0.0,0.0,1.0
24839_700,616,,3,3.6666666666666665,0.3333333333333333,0.0
24840_700,617,,8,1.375,0.0,0.375
24841_700,618,,1,0.0,0.0,1.0
24843_700,620,,1,11.0,1.0,0.0
24844_700,621,,4,4.25,0.25,0.5
24845_700,622,,6,4.0,0.3333333333333333,0.3333333333333333
24846_700,623,,2,0.0,0.0,1.0
24849_700,626,,1,2.0,0.0,0.0
24850_700,641,,2,-1.5,0.0,1.0
24851_700,642,,2,3.0,0.5,0.5
24864_109,S5,,2,-0.5,0.0,0.5
25250_700,RE2X,,1,13.0,1.0,0.0
25354_700,825,,11,2.0,0.09090909090909091,0.45454545454545453
25489_700,721,,7,5.714285714285714,0.2857142857142857,0.42857142857142855
25529_700,511,,1,1.0,0.0,0.0
25904_700,A/690,,1,3.0,0.0,0.0
25905_700,B/691,,2,3.0,0.0,0.0
25906_700,C/692,,1,14.0,1.0,0.0
25907_700,G/693,,1,13.0,1.0,0.0
26409_700,825,,5,0.4,0.0,0.8
26410_700,958,,2,2.0,0.0,0.5
26454_700,938,,2,-3.0,0.0,1.0
26519_700,428,,2,7.0,0.5,0.0
26747_100,RB91,,1,1.0,0.0,0.0
26780_700,358,,9,2.4444444444444446,0.1111111111111111,0.4444444444444444
26781_700,893,,10,0.4,0.0,0.6
26782_700,N63,,3,-0.3333333333333333,0.0,1.0
26783_106,RB12,,4,-1.25,0.0,1.0
26784_100,RB25,,3,7.666666666666667,0.6666666666666666,0.3333333333333333
26784_106,RB25,,10,0.2,0.0,0.6
26785_106,RB26,,5,1.6,0.0,0.4
26786_106,RB27,,5,0.8,0.2,0.8
26787_106,RB35,,4,1.75,0.25,0.75
26788_100,RB36,,1,0.0,0.0,1.0
26788_106,RB36,,8,0.625,0.0,0.75
26789_106,RB54,,1,-2.0,0.0,1.0
26790_106,RB60,,9,0.4444444444444444,0.0,0.3333333333333333
26793_106,RB63,,1,0.0,0.0,1.0
26954_100,RE85,,1,1.0,0.0,0.0
26974_700,RB17,,1,1.0,0.0,0.0
26978_700,800,,4,0.5,0.0,0.5
26979_700,849,,1,1.0,0.0,0.0
26981_700,851,,2,1.0,0.0,0.5
26983_700,853,,2,0.5,0.0,0.5
26985_700,855,,5,2.6,0.2,0.4
26990_700,860,,3,5.666666666666667,0.3333333333333333,0.0
26991_700,861,,2,2.0,0.0,0.5
26992_700,866,,1,-1.0,0.0,1.0
26994_700,870,,1,0.0,0.0,1.0
26995_700,872,,2,1.5,0.0,0.5
26996_700,873,,1,5.0,0.0,0.0
26998_700,877,,3,-0.6666666666666666,0.0,0.6666666666666666
26999_700,879,,3,0.3333333333333333,0.0,0.3333333333333333
27000_700,880,,2,0.5,0.0,0.5
27001_700,881,,1,3.0,0.0,0.0
27005_700,886,,1,-1.0,0.0,1.0
27007_700,890,,6,2.3333333333333335,0.16666666666666666,0.5
27044_700,X19,,3,10.666666666666666,0.6666666666666666,0.0
27265_700,400,,7,1.7142857142857142,0.0,0.5714285714285714
27266_700,401,,1,0.0,0.0,1.0
27267_700,402,,2,5.5,0.5,0.5
27268_700,403,,6,0.8333333333333334,0.0,0.5
27269_700,404,,4,6.5,0.25,0.0
27270_700,405,,5,2.4,0.2,0.4
27272_700,407,,1,2.0,0.0,0.0
27274_700,409,,1,1.0,0.0,0.0
27275_700,411,,22,1.0454545454545454,0.045454545454545456,0.5
27276_700,412,,11,-0.2727272727272727,0.0,0.6363636363636364
27277_700,413,,7,3.142857142857143,0.14285714285714285,0.14285714285714285
27278_700,414,,4,0.75,0.0,0.75
27279_700,416,,4,2.25,0.0,0.25
27280_700,418,,16,1.4375,0.0625,0.5625
27281_700,419,,2,-1.5,0.0,1.0
27282_700,420,,4,4.25,0.25,0.25
27284_700,423,,1,1.0,0.0,0.0
27285_700,424,,2,0.5,0.0,0.5
27286_700,426,,5,4.2,0.2,0.6
27287_700,427,,2,0.5,0.0,0.5
27288_700,428,,6,1.6666666666666667,0.0,0.16666666666666666
27289_700,429,,10,0.9,0.0,0.5
27290_700,430,,6,0.3333333333333333,0.0,0.6666666666666666
27291_700,431,,6,0.3333333333333333,0.0,0.5
27292_700,432,,5,1.0,0.0,0.4
27293_700,433,,3,6.0,0.3333333333333333,0.3333333333333333
27294_700,434,,5,0.0,0.0,0.6
27295_700,435,,5,2.4,0.2,0.6
27296_700,436,,5,1.8,0.0,0.4
27297_700,437,,1,0.0,0.0,1.0
27298_700,438,,1,1.0,0.0,0.0
27299_700,439,,2,2.5,0.0,0.0
27300_700,440,,6,2.1666666666666665,0.0,0.16666666666666666
27301_700,441,,2,-0.5,0.0,1.0
27302_700,451,,3,1.3333333333333333,0.0,0.0
27303_700,452,,2,0.5,0.0,0.5
27304_700,453,,2,2.5,0.0,0.5
27306_700,455,,2,9.5,0.5,0.0
27307_700,456,,4,2.75,0.0,0.25
27308_700,457,,3,6.666666666666667,0.3333333333333333,0.3333333333333333
27309_700,458,,2,1.5,0.0,0.0
27311_700,460,,3,0.0,0.0,1.0
27312_700,461,,3,6.333333333333333,0.3333333333333333,0.3333333333333333
27314_700,463,,5,1.0,0.0,0.0
27315_700,464,,2,1.5,0.0,0.5
27346_700,T,,3,1.3333333333333333,0.0,0.3333333333333333
27349_700,S,,1,5.0,0.0,0.0
27353_700,R,,24,2.375,0.125,0.3333333333333333
27356_700,X9,,1,-1.0,0.0,1.0
27362_700,X4,,12,2.0,0.08333333333333333,0.5
27544_700,A400,,1,-1.0,0.0,1.0
27569_700,215,,8,0.875,0.0,0.625
27915_700,619,,6,4.833333333333333,0.3333333333333333,0.3333333333333333
27916_700,662,,11,0.36363636363636365,0.0,0.5454545454545454
27935_700,521,,6,1.6666666666666667,0.16666666666666666,0.3333333333333333
27937_700,524,,3,1.0,0.0,0.6666666666666666
27939_700,526,,2,2.0,0.0,0.5
27940_700,527,,9,0.4444444444444444,0.0,0.4444444444444444
27942_700,534,,3,0.0,0.0,1.0
27943_700,536,,3,2.0,0.0,0.3333333333333333
27945_700,544,,12,0.6666666666666666,0.0,0.5
27946_700,546,,1,3.0,0.0,0.0
27947_700,550,,12,1.5,0.08333333333333333,0.5
27948_700,551,,5,-0.8,0.0,0.8
27949_700,552,,4,4.25,0.25,0.25
27950_700,553,,1,3.0,0.0,0.0
27951_700,558,,4,0.75,0.25,0.5
27952_700,560,,18,2.0,0.1111111111111111,0.5
27954_700,570,,5,2.2,0.2,0.4
27955_700,571,,1,1.0,0.0,0.0
27957_700,577,,1,0.0,0.0,1.0
27958_700,578,,2,0.0,0.0,0.5
27959_700,579,,8,-0.75,0.0,0.75
27961_700,581,,2,1.5,0.0,0.5
27963_700,585,,10,4.2,0.3,0.5
27964_700,586,,2,-1.0,0.0,1.0
27965_700,587,,6,1.8333333333333333,0.16666666666666666,0.6666666666666666
27966_700,592,,2,6.0,0.5,0.5
27967_700,595,,2,3.0,0.0,0.0
27969_700,599,,3,-0.3333333333333333,0.0,0.6666666666666666
28039_700,RE4A,,2,0.0,0.0,0.5
28040_700,RE4B,,1,1.0,0.0,0.0
28109_700,415,,8,3.75,0.125,0.375
28169_900,16,,17,2.3529411764705883,0.058823529411764705,0.35294117647058826
28258_100,RB10,,7,3.0,0.14285714285714285,0.2857142857142857
28259_100,RE8,,23,2.4782608695652173,0.13043478260869565,0.30434782608695654
28260_900,21,,5,4.8,0.2,0.0
28311_100,RE20,,4,1.25,0.25,0.75
28323_106,RB13,,3,1.0,0.0,0.0
327_700,B/522,,31,1.3225806451612903,0.03225806451612903,0.4838709677419355
328_700,C/523,,6,2.6666666666666665,0.16666666666666666,0.5
329_700,D/524,,6,2.0,0.0,0.3333333333333333
330_700,E/525,,18,1.8333333333333333,0.1111111111111111,0.3333333333333333
331_700,F/526,,8,1.5,0.125,0.875
333_700,H/528,,4,3.5,0.25,0.75
335_700,W/540,,11,1.2727272727272727,0.0,0.5454545454545454
336_700,N1,,2,1.0,0.0,0.5
337_700,N2,,1,4.0,0.0,0.0
340_900,1,,32,1.5625,0.0625,0.46875
343_900,6,,35,2.857142857142857,0.14285714285714285,0.2571428571428571
3713_700,649,,4,-0.5,0.0,0.75
3975_700,660,,5,2.2,0.2,0.6
4221_700,864,,17,1.8823529411764706,0.17647058823529413,0.47058823529411764
4222_700,865,,3,5.0,0.3333333333333333,0.3333333333333333
4223_700,868,,40,1.725,0.1,0.425
4224_700,873,,4,3.75,0.25,0.5
4225_700,874,,4,1.75,0.25,0.5
4226_700,875,,2,0.0,0.0,0.5
4227_700,876,,5,2.4,0.0,0.0
4228_700,877,,2,0.5,0.0,0.5
4229_700,878,,4,6.75,0.25,0.25
4231_700,880,,3,0.6666666666666666,0.0,0.3333333333333333
4232_700,881,,4,0.25,0.0,0.75
4234_700,883,,2,1.0,0.5,0.5
4235_700,884,,2,0.5,0.0,0.5
4236_700,885,,4,-0.5,0.0,1.0
4237_700,886,,7,-0.42857142857142855,0.0,0.8571428571428571
4238_700,887,,4,1.0,0.0,0.5
4239_700,890,,10,1.0,0.0,0.6
4240_700,891,,6,0.8333333333333334,0.0,0.5
4241_700,892,,5,1.0,0.0,0.4
4242_700,893,,38,0.5789473684210527,0.0,0.6052631578947368
4243_700,894,,15,1.2666666666666666,0.06666666666666667,0.6
4244_700,895,,6,1.3333333333333333,0.0,0.3333333333333333
4245_700,896,,2,5.5,0.5,0.5
4247_700,898,,5,1.0,0.0,0.6
4248_700,899,,3,-1.0,0.0,1.0
4249_700,900,,17,0.4117647058823529,0.0,0.5294117647058824
4250_700,901,,8,1.25,0.0,0.625
4251_700,902,,7,2.0,0.14285714285714285,0.42857142857142855
4253_700,904,,1,1.0,0.0,0.0
4254_700,905,,5,0.2,0.0,0.6
4256_700,907,,7,0.0,0.0,0.7142857142857143
4257_700,908,,10,3.9,0.2,0.1
4258_700,909,,3,1.0,0.0,0.6666666666666666
4259_700,910,,19,1.5263157894736843,0.10526315789473684,0.6842105263157895
4260_700,911,,1,-1.0,0.0,1.0
4261_700,912,,2,2.0,0.0,0.0
4262_700,913,,2,-2.0,0.0,1.0
4264_700,915,,13,0.9230769230769231,0.07692307692307693,0.38461538461538464
4265_700,916,,7,1.0,0.0,0.5714285714285714
4266_700,918,,4,1.75,0.0,0.25
4267_700,919,,2,4.5,0.0,0.0
4268_700,920,,17,1.9411764705882353,0.17647058823529413,0.5294117647058824
4269_700,921,,1,3.0,0.0,0.0
4270_700,922,,3,1.0,0.0,0.3333333333333333
4281_700,861,,52,2.6538461538461537,0.09615384615384616,0.40384615384615385
4287_700,862,,49,1.3877551020408163,0.08163265306122448,0.46938775510204084
4456_700,698,,13,1.2307692307692308,0.07692307692307693,0.6153846153846154
4477_700,663,,5,0.4,0.0,0.4
4492_700,700,,1,1.0,0.0,0.0
4493_700,701,,1,3.0,0.0,0.0
4495_700,702,,9,1.0,0.0,0.4444444444444444
4497_700,704,,10,5.0,0.3,0.3
4499_700,706,,2,2.0,0.0,0.5
4502_700,708,,2,7.5,0.5,0.5
4503_700,710,,14,2.9285714285714284,0.21428571428571427,0.35714285714285715
4504_700,712,,2,-1.0,0.0,0.5
4505_700,713,,6,1.6666666666666667,0.0,0.0
4507_700,716,,2,0.0,0.0,0.5
4508_700,717,,1,-1.0,0.0,1.0
4511_700,719,,3,-1.3333333333333333,0.0,1.0
4512_700,720,,6,3.3333333333333335,0.16666666666666666,0.5
4514_700,750,,5,0.6,0.0,0.4
4516_700,759,,3,-0.3333333333333333,0.0,0.6666666666666666
4517_700,763,,1,0.0,0.0,1.0
4518_700,764,,3,0.3333333333333333,0.0,0.6666666666666666
4519_700,765,,4,2.75,0.0,0.25
4520_700,770,,1,5.0,0.0,0.0
4521_700,772,,2,6.5,0.5,0.0
5232_3,801,,1,9.0,1.0,0.0
5232_700,801,,1,0.0,0.0,1.0
5233_700,800,,8,2.25,0.125,0.375
5234_700,802,,4,0.0,0.0,1.0
5235_700,803,,8,0.625,0.0,0.375
5236_3,804,,1,0.0,0.0,1.0
5236_700,804,,5,2.2,0.0,0.2
5237_700,805,,9,1.4444444444444444,0.1111111111111111,0.5555555555555556
5238_700,806,,25,1.48,0.04,0.36
5239_700,807,,20,2.3,0.15,0.4
5241_700,809,,14,3.4285714285714284,0.21428571428571427,0.42857142857142855
5242_700,811,,1,-2.0,0.0,1.0
5243_3,812,,6,3.5,0.16666666666666666,0.3333333333333333
5243_700,812,,6,3.5,0.16666666666666666,0.5
5246_700,816,,4,3.75,0.25,0.5
5247_700,821,,2,7.5,0.5,0.5
5248_700,822,,11,0.8181818181818182,0.09090909090909091,0.36363636363636365
5249_700,824,,43,1.6046511627906976,0.046511627906976744,0.5116279069767442
5250_700,830,,1,0.0,0.0,1.0
5251_700,832,,1,1.0,0.0,0.0
5252_3,833,,6,0.5,0.0,0.6666666666666666
5252_700,833,,4,1.25,0.0,0.5
5253_700,835,,3,1.3333333333333333,0.0,0.3333333333333333
5254_3,836,,1,8.0,1.0,0.0
5254_700,836,,3,1.0,0.0,0.3333333333333333
5255_700,837,,4,7.0,0.5,0.5
5256_3,838,,8,2.875,0.125,0.625
5256_700,838,,2,4.5,0.5,0.5
5257_3,839,,3,-1.0,0.0,1.0
5257_700,839,,3,0.0,0.0,0.6666666666666666
5258_700,841,,2,-1.0,0.0,1.0
5260_3,843,,3,0.0,0.0,0.6666666666666666
5260_700,843,,2,3.0,0.0,0.0
5262_3,845,,1,1.0,0.0,0.0
5262_700,845,,3,1.3333333333333333,0.0,0.6666666666666666
5264_700,847,,1,9.0,1.0,0.0
5266_700,851,,1,0.0,0.0,1.0
5268_700,854,,2,1.0,0.0,0.5
5269_700,857,,1,-1.0,0.0,1.0
5332_700,466,,13,2.6923076923076925,0.15384615384615385,0.23076923076923078
5333_700,467,,1,0.0,0.0,1.0
5334_700,465,,2,-1.0,0.0,1.0
5335_700,468,,9,3.0,0.1111111111111111,0.5555555555555556
5336_700,469,,5,2.2,0.0,0.2
5337_700,470,,8,0.5,0.0,0.5
5338_700,471,,1,1.0,0.0,0.0
5339_700,472,,16,3.8125,0.125,0.25
5340_700,473,,5,1.2,0.0,0.4
5341_700,474,,2,2.0,0.0,0.5
5342_700,475,,7,4.142857142857143,0.2857142857142857,0.0
5343_700,476,,4,1.5,0.0,0.25
5344_700,477,,1,0.0,0.0,1.0
5345_700,500,,12,1.8333333333333333,0.08333333333333333,0.5
5346_700,502,,5,0.6,0.0,0.4
5348_700,504,,1,2.0,0.0,0.0
5350_700,506,,9,0.6666666666666666,0.0,0.5555555555555556
5351_700,507,,2,-0.5,0.0,1.0
5352_700,508,,7,0.7142857142857143,0.0,0.5714285714285714
5353_700,509,,18,3.1666666666666665,0.1111111111111111,0.2777777777777778
5354_700,510,,1,-2.0,0.0,1.0
5355_700,512,,5,0.6,0.0,0.4
5356_700,513,,4,4.0,0.25,0.75
5358_700,516,,1,-1.0,0.0,1.0
5362_700,721,,4,0.0,0.0,0.75
5363_700,722,,5,2.2,0.0,0.2
5364_700,723,,7,5.285714285714286,0.2857142857142857,0.2857142857142857
5365_700,724,,14,0.9285714285714286,0.0,0.5
5366_700,725,,6,0.6666666666666666,0.0,0.3333333333333333
5368_700,726,,21,1.9523809523809523,0.09523809523809523,0.5238095238095238
5369_700,727,,16,0.875,0.0625,0.6875
5370_700,728,,14,1.8571428571428572,0.14285714285714285,0.5
5371_700,729,,11,0.8181818181818182,0.0,0.45454545454545453
5372_700,730,,11,1.0909090909090908,0.09090909090909091,0.36363636363636365
5373_700,731,,2,-0.5,0.0,1.0
5376_700,733,,10,2.2,0.1,0.5
5377_700,734,,4,1.5,0.0,0.5
5378_700,735,,15,0.4,0.0,0.5333333333333333
5379_700,736,,25,1.96,0.12,0.48
5380_700,737,,17,1.8235294117647058,0.11764705882352941,0.47058823529411764
5381_700,738,,24,2.2916666666666665,0.125,0.4583333333333333
5382_700,739,,2,-1.0,0.0,1.0
5384_700,743,,22,2.4545454545454546,0.09090909090909091,0.5
5596_700,699,,18,1.4444444444444444,0.05555555555555555,0.4444444444444444
5607_700,N4,,2,3.0,0.0,0.0
5631_700,691,,3,0.3333333333333333,0.0,0.6666666666666666
5633_900,91,,28,0.6428571428571429,0.0,0.5714285714285714
5635_900,96,,40,2.15,0.1,0.325
6617_700,751,,1,1.0,0.0,0.0
6618_700,753,,2,3.0,0.0,0.0
6620_700,754,,4,0.5,0.0,0.75
6621_700,756,,2,5.0,0.5,0.5
6622_700,758,,2,2.0,0.0,0.0
6624_700,766,,2,-0.5,0.0,1.0
6625_700,768,,3,5.333333333333333,0.3333333333333333,0.6666666666666666
6626_700,769,,1,-1.0,0.0,1.0
6629_700,771,,7,1.0,0.0,0.42857142857142855
7251_700,869,,8,1.375,0.0,0.25
7361_700,690,,15,1.5333333333333334,0.06666666666666667,0.4666666666666667
7362_900,93,,11,2.090909090909091,0.18181818181818182,0.45454545454545453
9696_700,711,,6,2.0,0.0,0.0
