route_id,route_short_name,route_long_name,route_type,n_trips
10141_109,S1,,109,563
10142_109,S1,,109,439
10143_109,S2,,109,643
10144_109,S2,,109,274
10145_109,S25,,109,231
10148_109,S3,,109,791
10149_109,S3,,109,866
10150_109,S3,,109,200
10154_109,S45,,109,312
10155_109,S46,,109,1167
10157_109,S5,,109,766
10158_109,S5,,109,540
10159_109,S5,,109,92
10160_109,S5,,109,264
10162_109,S7,,109,956
10163_109,S7,,109,494
10165_109,S75,,109,616
10166_109,S75,,109,289
10167_109,S8,,109,1028
10170_109,S9,,109,1024
10223_109,S41,,109,1060
10224_109,S41,,109,359
10225_109,S41,,109,360
10226_109,S42,,109,1046
10227_109,S42,,109,360
10228_109,S42,,109,362
10229_109,S47,,109,572
10231_700,S2,,700,407
10234_700,917,,700,24
10236_700,S46,,700,547
10271_109,S9,,109,44
10272_700,S7,,700,499
10276_109,S1,,109,162
10277_109,S1,,109,11
10278_109,S2,,109,161
10279_109,S2,,109,92
10286_700,S1,,700,344
10296_3,657,,3,63
10296_700,657,,700,55
10371_700,S9,,700,592
10376_109,S45,,109,18
10456_700,S5,,700,281
10671_700,668,,700,140
10672_700,672,,700,88
10673_700,673,,700,36
10674_700,674,,700,127
10675_700,675,,700,25
10676_700,676,,700,86
10677_700,677,,700,67
10678_700,678,,700,30
10679_700,679,,700,29
10682_700,684,,700,151
10683_3,685,,3,3
10683_700,685,,700,55
10684_700,687,,700,35
10685_3,688,,3,6
10685_700,688,,700,18
10686_700,689,,700,8
10911_700,709,,700,4
10912_700,752,,700,12
10913_700,755,,700,74
10914_700,773,,700,4
11216_700,518,,700,2
11342_700,S41,,700,344
11343_700,S8,,700,104
11362_700,N14,,700,93
11364_700,X15,,700,52
11387_700,S75,,700,403
11536_109,S46,,109,212
11561_109,S3,,109,64
11651_700,S47,,700,83
12003_109,S85,,109,479
12043_700,760,,700,23
12193_700,N1,,700,27
12194_700,N2,,700,28
12532_900,88,,900,257
12533_900,89,,900,106
12889_900,2,,900,202
12890_900,3,,900,200
12891_900,4,,900,382
13104_700,11,,700,7
13105_700,12,,700,90
13106_700,13,,700,117
13107_700,15,,700,75
13108_700,16,,700,151
13109_700,18,,700,48
13110_700,19,,700,63
13111_700,20,,700,79
13113_700,21,,700,43
13114_700,22,,700,14
13115_700,23,,700,23
13116_700,25,,700,36
13118_700,26,,700,43
13119_700,27,,700,27
13120_700,29,,700,32
13122_700,32,,700,30
13123_700,33,,700,26
13125_700,35,,700,28
13126_700,37,,700,45
13127_700,39,,700,15
13131_700,42,,700,7
13132_700,43,,700,14
13133_700,44,,700,58
13134_700,46,,700,17
13136_700,47,,700,44
13418_700,669,,700,24
13438_900,99,,900,199
13443_700,17,,700,46
13543_3,831,,3,38
13543_700,831,,700,13
13728_700,793,,700,48
13729_700,794,,700,41
13730_700,797,,700,75
13888_700,789,,700,11
13889_700,792,,700,54
14383_700,S42,,700,347
14428_700,863,,700,20
14478_700,860,,700,8
14733_700,867,,700,79
14753_700,810,,700,22
14754_700,814,,700,10
14755_3,834,,3,2
14755_700,834,,700,3
14979_700,38,,700,25
15020_700,14,,700,43
15024_700,24,,700,9
15025_700,28,,700,10
15026_700,30,,700,17
15027_700,34,,700,6
15029_700,48,,700,16
15068_3,848,,3,32
15068_700,848,,700,3
15260_700,L/530,,700,30
15273_700,603,,700,271
15274_700,605,,700,287
15276_700,609,,700,286
15277_700,638,,700,125
15278_700,639,,700,5
15279_700,X5,,700,14
15280_900,98,,900,12
15374_700,519,,700,2
1546_700,692,,700,378
1547_700,693,,700,455
1548_700,694,,700,725
1549_700,695,,700,258
1550_700,696,,700,190
1551_700,697,,700,155
1552_700,N15,,700,36
1554_700,N17,,700,41
1555_1000,F1,,1000,102
1556_900,92,,900,515
1558_900,94,,900,436
15624_700,10,,700,60
15711_700,791,,700,3
15712_700,795,,700,2
15713_700,796,,700,4
15714_700,742,,700,45
15959_700,612,,700,80
16009_700,741,,700,320
16214_700,983,,700,176
16345_100,RB33,,100,114
16349_100,RB51,,100,59
16354_700,600,,700,118
16374_700,882,,700,58
16709_3,670,,3,40
16733_700,681,,700,62
16734_700,682,,700,56
16735_700,683,,700,43
16774_700,774,,700,21
16814_109,S7,,109,27
16815_109,S7,,109,15
16859_700,N16,,700,47
16867_106,RB13,,106,99
16915_700,616,,700,159
16929_109,S41,,109,245
17039_700,RB33,,700,64
17040_700,RB46,,700,3
17041_700,RB51,,700,4
17047_700,RB65,,700,24
17063_700,559,,700,32
17064_700,593,,700,32
17065_700,596,,700,18
17280_700,21,,700,533
17281_700,27,,700,1006
17283_700,60,,700,106
17289_700,100,,700,1030
17290_700,101,,700,596
17292_700,106,,700,936
17293_700,107,,700,613
17294_700,108,,700,578
17295_700,109,,700,915
17296_700,110,,700,672
17297_700,112,,700,673
17298_700,114,,700,363
17299_700,115,,700,708
17300_700,118,,700,684
17301_900,12,,900,904
17302_700,120,,700,921
17303_700,122,,700,1496
17304_700,123,,700,884
17305_700,124,,700,708
17306_700,125,,700,887
17307_700,128,,700,767
17308_700,130,,700,1001
17309_700,131,,700,620
17310_700,133,,700,673
17311_700,134,,700,880
17312_700,135,,700,511
17313_700,136,,700,958
17314_700,137,,700,972
17315_700,139,,700,667
17316_700,140,,700,760
17317_700,142,,700,676
17318_700,147,,700,587
17319_700,150,,700,909
17320_700,154,,700,548
17321_700,155,,700,635
17322_700,156,,700,846
17323_700,158,,700,639
17324_900,16,,900,604
17325_700,160,,700,450
17326_700,161,,700,620
17327_700,162,,700,686
17328_700,163,,700,602
17329_700,164,,700,987
17330_700,165,,700,767
17331_700,166,,700,484
17332_700,168,,700,287
17333_700,170,,700,853
17334_700,171,,700,711
17335_700,172,,700,1112
17336_700,175,,700,265
17337_700,179,,700,584
17338_900,18,,900,526
17339_700,181,,700,1091
17340_700,184,,700,920
17341_700,186,,700,1067
17342_700,187,,700,1002
17343_700,188,,700,551
17344_700,190,,700,290
17345_700,191,,700,560
17346_700,192,,700,515
17347_700,194,,700,1262
17348_700,195,,700,1176
17349_700,197,,700,830
17350_700,200,,700,628
17351_700,204,,700,324
17352_900,21,,900,891
17353_700,218,,700,109
17354_700,220,,700,570
17355_700,221,,700,974
17356_700,222,,700,892
17357_700,234,,700,312
17359_700,237,,700,818
17360_700,240,,700,1135
17361_700,245,,700,986
17362_700,246,,700,788
17363_700,247,,700,686
17364_700,248,,700,878
17365_700,249,,700,809
17366_700,250,,700,1135
17367_700,255,,700,1247
17368_700,256,,700,869
17369_700,259,,700,566
17370_700,260,,700,948
17372_700,265,,700,668
17373_700,269,,700,603
17374_900,27,,900,725
17375_700,271,,700,314
17376_700,275,,700,287
17377_700,277,,700,794
17378_700,282,,700,834
17379_700,283,,700,902
17380_700,284,,700,589
17381_700,285,,700,770
17382_700,291,,700,255
17383_700,294,,700,366
17384_700,296,,700,656
17385_700,309,,700,542
17387_700,316,,700,258
17388_700,318,,700,104
17389_700,320,,700,48
17390_700,322,,700,191
17391_700,324,,700,248
17392_700,326,,700,200
17393_700,327,,700,422
17394_700,334,,700,80
17395_700,337,,700,414
17398_700,347,,700,488
17399_700,349,,700,34
17400_700,350,,700,664
17401_700,353,,700,585
17402_700,363,,700,418
17403_700,369,,700,208
17404_900,37,,900,196
17406_700,371,,700,161
17407_700,372,,700,271
17409_700,377,,700,594
17410_700,380,,700,74
17411_700,390,,700,30
17412_700,395,,700,369
17413_700,396,,700,470
17414_700,398,,700,516
17415_700,399,,700,122
17416_900,50,,900,1015
17417_900,60,,900,629
17418_900,61,,900,484
17419_900,62,,900,718
17420_900,63,,900,791
17421_900,67,,900,520
17422_900,68,,900,883
17429_1000,F10,,1000,28
17430_1000,F11,,1000,119
17431_1000,F12,,1000,224
17432_1000,F21,,1000,38
17433_1000,F23,,1000,20
17435_700,M1,,700,45
17438_900,M1,,900,1543
17440_900,M10,,900,2098
17441_700,M11,,700,1191
17442_900,M13,,900,1069
17444_900,M17,,900,1024
17445_700,M19,,700,1442
17446_900,M2,,900,1502
17447_700,M21,,700,1338
17448_700,M27,,700,2125
17449_700,M29,,700,1749
17450_700,M32,,700,1802
17451_700,M37,,700,1155
17452_900,M4,,900,3112
17453_700,M41,,700,2246
17454_700,M44,,700,1680
17455_700,M45,,700,1649
17456_700,M46,,700,1583
17457_700,M48,,700,1120
17458_700,M49,,700,1534
17459_900,M5,,900,1562
17460_900,M6,,900,1365
17461_700,M76,,700,1100
17462_700,M77,,700,1058
17463_900,M8,,900,1475
17464_700,M82,,700,1338
17465_700,M85,,700,1076
17466_700,N1,,700,44
17467_700,N2,,700,62
17468_700,N3,,700,28
17469_700,N5,,700,48
17470_700,N6,,700,32
17471_700,N7,,700,152
17472_700,N8,,700,61
17473_700,N9,,700,47
17474_700,N10,,700,70
17476_700,N20,,700,86
17477_700,N22,,700,73
17478_700,N23,,700,92
17479_700,N24,,700,66
17480_700,N25,,700,55
17481_700,N26,,700,60
17482_700,N30,,700,65
17483_700,N33,,700,85
17484_700,N34,,700,67
17485_700,N35,,700,33
17486_700,N39,,700,96
17487_700,N40,,700,65
17488_700,N42,,700,59
17489_700,N50,,700,117
17490_700,N52,,700,66
17491_700,N53,,700,68
17492_700,N56,,700,28
17493_700,N58,,700,58
17494_700,N60,,700,84
17495_700,N61,,700,108
17496_700,N62,,700,100
17497_700,N65,,700,78
17499_700,N68,,700,63
17500_700,N69,,700,93
17501_700,N70,,700,72
17503_700,N81,,700,66
17504_700,N84,,700,99
17505_700,N88,,700,62
17507_700,N91,,700,68
17508_700,N94,,700,73
17509_700,N95,,700,95
17510_700,N97,,700,53
17512_400,U1,,400,821
17514_400,U2,,400,2893
17515_400,U3,,400,1201
17516_400,U4,,400,410
17517_700,U5,,700,17
17518_400,U5,,400,828
17520_700,U6,,700,3070
17521_400,U6,,400,1114
17522_700,U7,,700,109
17523_400,U7,,400,1058
17525_400,U8,,400,1365
17526_400,U9,,400,1350
17527_700,X7,,700,612
17529_700,X10,,700,800
17530_700,X11,,700,683
17531_700,X21,,700,905
17532_700,X33,,700,930
17533_700,X34,,700,1097
17534_700,X49,,700,159
17535_700,X54,,700,824
17536_700,X69,,700,464
17537_700,X76,,700,884
17538_700,X83,,700,1369
17540_700,3N,,700,17
17541_700,4N,,700,37
17554_700,549,,700,30
17591_700,M6,,700,760
17609_700,M4,,700,2518
17680_100,RB45,,100,54
17680_700,RB45,,700,6
17694_3,338,,3,51
17694_700,338,,700,2
17809_700,901,,700,51
17810_3,902,,3,2
17810_700,902,,700,70
17811_3,903,,3,12
17811_700,903,,700,42
17812_3,904,,3,18
17812_700,904,,700,39
17813_3,905,,3,29
17813_700,905,,700,43
17814_3,912,,3,23
17814_700,912,,700,19
17815_3,913,,3,16
17815_700,913,,700,16
17816_3,915,,3,19
17816_700,915,,700,35
17817_3,917,,3,24
17817_700,917,,700,16
17818_3,919,,3,18
17818_700,919,,700,27
17819_3,920,,3,24
17819_700,920,,700,65
17820_3,923,,3,25
17820_700,923,,700,9
17821_3,924,,3,19
17821_700,924,,700,29
17822_3,925,,3,24
17822_700,925,,700,24
17823_3,931,,3,31
17823_700,931,,700,14
17824_3,932,,3,4
17824_700,932,,700,9
17825_3,933,,3,2
17825_700,933,,700,18
17826_3,934,,3,18
17826_700,934,,700,23
17827_700,935,,700,18
17828_3,936,,3,22
17828_700,936,,700,20
17829_700,937,,700,6
17831_700,939,,700,8
17833_700,941,,700,45
17834_700,942,,700,46
17836_3,944,,3,2
17836_700,944,,700,75
17837_700,945,,700,143
17838_3,946,,3,16
17838_700,946,,700,40
17839_3,947,,3,19
17839_700,947,,700,42
17840_3,948,,3,16
17840_700,948,,700,30
17841_3,949,,3,45
17841_700,949,,700,32
17842_3,950,,3,12
17842_700,950,,700,11
17843_3,951,,3,12
17843_700,951,,700,15
17844_3,952,,3,12
17844_700,952,,700,22
17845_3,953,,3,2
17845_700,953,,700,5
17846_3,954,,3,49
17846_700,954,,700,60
17847_3,955,,3,17
17847_700,955,,700,30
17848_3,957,,3,13
17848_700,957,,700,37
17849_3,958,,3,39
17849_700,958,,700,64
17850_3,960,,3,40
17850_700,960,,700,38
17851_3,971,,3,2
17851_700,971,,700,5
17852_3,972,,3,4
17852_700,972,,700,6
17853_3,973,,3,7
17853_700,973,,700,7
17854_3,974,,3,2
17854_700,974,,700,26
17855_3,975,,3,2
17855_700,975,,700,12
17856_3,976,,3,26
17856_700,976,,700,17
17857_700,977,,700,15
17858_700,978,,700,10
17994_700,U2,,700,920
17999_900,M6,,900,583
18325_700,550,,700,80
18326_700,554,,700,64
18327_700,566,,700,30
18328_700,567,,700,24
18329_700,568,,700,49
18339_700,926,,700,28
18340_700,927,,700,21
18341_700,928,,700,86
18342_700,929,,700,11
18343_700,931,,700,32
18344_700,932,,700,42
18345_700,933,,700,19
18346_700,934,,700,15
18347_700,936,,700,32
18348_700,937,,700,24
18349_700,939,,700,73
18350_700,940,,700,109
18351_700,941,,700,125
18352_700,942,,700,51
18353_700,943,,700,96
18354_700,944,,700,112
18355_700,945,,700,44
18356_700,946,,700,31
18357_700,947,,700,31
18358_700,948,,700,94
18359_700,949,,700,124
18360_700,950,,700,133
18361_700,951,,700,172
18362_700,955,,700,52
18363_700,956,,700,46
18364_700,957,,700,49
18365_700,958,,700,74
18366_700,959,,700,32
18367_700,966,,700,25
18368_700,967,,700,40
18369_700,968,,700,73
18370_700,969,,700,79
18371_700,970,,700,18
18372_700,R931,,700,18
18373_700,R933,,700,14
18374_700,169,,700,884
18469_700,591,,700,23
18470_700,592,,700,7
18471_700,546,,700,21
1870_700,980,,700,179
1871_700,981,,700,414
1872_700,982,,700,92
1874_700,984,,700,102
1877_700,987,,700,56
1878_700,988,,700,14
1879_900,1,,900,302
1880_900,2,,900,326
18819_700,556,,700,21
1881_900,3,,900,155
1882_900,4,,900,330
1883_900,5,,900,100
18884_700,551,,700,53
18885_700,552,,700,3
18887_3,555,,3,31
18887_700,555,,700,9
18888_700,558,,700,81
18889_700,560,,700,46
18891_700,562,,700,38
18892_700,563,,700,25
18893_700,564,,700,22
18895_700,569,,700,99
18896_700,571,,700,14
18897_700,572,,700,5
18898_700,580,,700,92
18899_700,581,,700,47
18900_700,582,,700,116
18901_700,583,,700,16
18902_700,584,,700,14
18903_700,585,,700,32
18904_700,586,,700,60
18905_700,587,,700,29
18906_700,588,,700,56
18907_700,589,,700,29
18908_700,590,,700,73
18909_700,601,,700,174
18910_700,602,,700,7
18911_700,607,,700,125
18913_700,608,,700,106
18914_700,610,,700,113
18915_700,611,,700,160
18916_700,612,,700,17
18917_700,613,,700,64
18920_700,620,,700,565
18921_700,621,,700,118
18922_700,622,,700,289
18923_700,623,,700,345
18924_700,624,,700,9
18926_700,626,,700,334
18927_700,627,,700,80
18928_700,628,,700,24
18929_700,629,,700,122
18930_700,630,,700,84
18931_700,631,,700,249
18932_700,632,,700,198
18933_700,633,,700,100
18934_700,634,,700,48
18935_700,635,,700,40
18936_700,642,,700,20
18937_700,643,,700,197
18938_700,644,,700,29
18939_700,645,,700,160
18940_700,646,,700,43
18941_700,647,,700,19
18943_700,N13,,700,12
18945_700,X1,,700,163
18949_109,S26,,109,286
18950_109,S3,,109,47
18969_100,RB46,,100,72
19009_700,897,,700,181
19019_700,365,,700,217
19058_100,RE3,,100,340
19059_100,RE5,,100,134
19060_100,RB31,,100,113
19062_100,RE15,,100,56
19063_100,RE18,,100,66
19065_100,RB55,,100,192
19066_100,RE6,,100,276
19079_700,715,,700,124
19084_700,401,,700,36
19085_700,403,,700,103
19086_700,411,,700,11
19087_700,413,,700,36
19088_700,414,,700,17
19089_700,416,,700,30
19090_700,419,,700,28
19091_700,421,,700,42
19092_700,424,,700,34
19093_700,425,,700,22
19094_700,427,,700,27
19095_700,428,,700,9
19096_700,431,,700,25
19097_700,432,,700,20
19098_700,435,,700,61
19099_700,441,,700,18
19100_700,445,,700,21
19101_700,447,,700,118
19102_700,448,,700,88
19103_700,450,,700,25
19104_700,451,,700,19
19105_700,452,,700,11
19106_700,453,,700,16
19107_700,454,,700,6
19108_700,455,,700,2
19109_700,456,,700,18
19110_700,457,,700,17
19111_700,459,,700,26
19112_700,460,,700,24
19113_700,462,,700,18
19114_700,463,,700,18
19115_700,464,,700,37
19116_700,465,,700,18
19117_700,467,,700,12
19118_700,468,PlusBus Nationalparklinie,700,56
19119_700,469,,700,26
19120_700,471,,700,19
19121_700,472,,700,29
19122_700,473,,700,24
19123_700,474,,700,22
19124_700,475,,700,16
19125_700,479,,700,1
19126_700,481,,700,64
19127_700,482,,700,68
19128_700,484,,700,35
19129_700,486,,700,58
19130_700,489,,700,5
19131_700,491,,700,43
19132_700,492,,700,12
19133_700,494,,700,41
19134_700,501,,700,17
19135_700,502,,700,41
19136_700,503,,700,24
19137_700,504,,700,48
19138_700,505,,700,9
19139_700,506,,700,57
19140_700,508,,700,26
19141_700,509,,700,31
19142_700,510,,700,28
19143_700,511,,700,10
19144_700,512,,700,22
19145_700,514,,700,15
19146_700,515,,700,39
19147_700,517,,700,59
19148_700,518,,700,12
19149_700,519,,700,32
19150_700,531,,700,104
19155_109,S4,,109,158
19156_109,S1,,109,72
19157_100,RB51,,100,105
19159_109,S2,,109,8
19189_700,RB25,,700,25
1920_700,650,,700,27
19211_700,X43,,700,33
1921_3,651,,3,1
1921_700,651,,700,98
1922_3,652,,3,27
1922_700,652,,700,29
19234_700,RB60,,700,102
19235_700,RB63,,700,54
1923_700,653,,700,170
19244_700,914,,700,58
1924_3,654,,3,14
1924_700,654,,700,154
19250_100,RE7,,100,4
1925_700,655,,700,168
19269_700,RB36,,700,31
1926_700,656,,700,28
1928_700,658,,700,124
1929_700,659,,700,151
1930_700,661,,700,57
1931_700,662,,700,52
1933_700,664,,700,44
1934_700,665,,700,49
1935_700,666,,700,105
1936_700,667,,700,42
1938_3,671,,3,8
1938_700,671,,700,161
1939_700,680,,700,23
1945_3,604,,3,1
1945_700,604,,700,97
1955_700,614,,700,81
19681_100,RE14,,100,19
19685_100,RB24,,100,61
19686_100,RB23,,100,66
19700_700,RE18,,700,17
19701_700,RE15,,700,19
19702_700,RE10,,700,4
19705_700,RE7,,700,102
19706_700,RE6,,700,92
19708_700,RE3,,700,101
19712_700,RB66,,700,23
19713_700,RB55,,700,5
19714_700,RB49,,700,43
19715_700,RB43,,700,13
19717_700,RB24,,700,70
19719_700,RB22,,700,2
1971_700,642,,700,123
19720_700,RB21,,700,5
19721_700,RB20,,700,32
19722_700,RB14,,700,1
20359_700,N18,,700,61
20364_700,714,,700,118
20369_100,RB65,,100,94
20369_106,RB65,,106,2
20373_106,RB64,,106,84
20439_900,87,,900,253
20466_100,RB93,,100,2
20479_700,870,,700,182
20810_700,RB34,,700,36
20812_106,RB74,,106,18
20813_106,RB73,,106,12
20879_700,879,,700,8
20930_700,641,,700,87
20931_700,640,,700,20
20969_700,823,,700,218
21159_700,9,,700,6
21205_700,EV1,,700,188
21284_700,300,,700,800
21454_700,45,,700,8
21619_700,2N,,700,15
21649_109,S25,,109,18
21680_700,N12,,700,21
21681_700,N77,,700,55
21725_700,889,,700,24
21726_700,935,,700,45
21749_700,866,,700,72
21750_700,889,,700,85
21799_109,S42,,109,252
21947_700,2,,700,331
22069_700,S3A,,700,84
22070_700,S3B,,700,61
22240_109,S85,,109,259
22389_700,N7X,,700,14
22390_700,X71,,700,662
22424_700,E30,,700,25
22451_700,541,,700,67
22452_700,542,,700,52
22453_700,543,,700,69
22454_700,545,,700,34
22609_700,744,,700,378
22624_700,540,,700,44
22625_700,N36,,700,127
22644_700,RE3A,,700,35
22670_106,RB19,,106,12
22674_700,N64,,700,118
22684_700,701,,700,40
22685_700,702,,700,8
22686_700,703,,700,25
22687_700,704,,700,36
22688_700,705,,700,34
22689_700,706,,700,30
22690_700,707,,700,27
22691_700,711,,700,88
22692_700,712,,700,40
22693_700,713,,700,29
22694_700,714,,700,36
22695_700,715,,700,39
22696_700,717,,700,51
22697_700,719,,700,10
22698_700,740,,700,49
22699_700,741,,700,9
22700_700,742,,700,34
22701_700,743,,700,41
22702_700,744,,700,112
22703_700,745,,700,81
22704_700,746,,700,64
22705_700,748,,700,45
22706_700,752,,700,44
22707_700,754,,700,28
22708_700,756,,700,62
22709_700,757,,700,39
22710_700,759,,700,30
22711_700,762,,700,26
22712_700,764,,700,65
22713_700,766,,700,11
22714_700,770,,700,119
22715_700,771,,700,15
22716_700,772,,700,2
22717_700,777,,700,58
22718_700,779,,700,43
22719_700,782,,700,15
22720_700,784,,700,2
22721_700,785,,700,37
22722_700,787,,700,22
22723_700,788,,700,29
22724_700,791,,700,47
22725_700,792,,700,33
22726_700,794,,700,34
22739_700,758,,700,37
22754_700,M36,,700,1514
22755_700,N96,,700,49
22775_700,871,,700,76
22804_700,263,,700,411
23154_700,X37,,700,544
23184_700,RB26,,700,93
23185_700,X2,,700,138
23389_106,RB15,,106,56
23414_700,143,,700,552
23415_700,M43,,700,1069
23416_700,N43,,700,72
23435_700,906,,700,58
23444_700,732,,700,57
23681_700,BER2,,700,30
23724_700,872,,700,96
23764_700,790,,700,64
23944_100,RB37,,100,114
23945_100,RE1,,100,919
23946_100,RE8,,100,123
23984_700,334R,,700,256
24025_100,RE4,,100,211
24042_100,RB43,,100,73
24043_100,RB49,,100,110
24044_100,RB23,,100,70
24045_100,RE2,,100,363
24046_100,RB32,,100,86
24047_100,RE11,,100,67
24048_100,RE13,,100,110
24049_100,RB21,,100,215
24050_100,RB24,,100,160
24051_100,FEX,,100,235
24051_2,FEX,,2,153
24052_100,RB22,,100,222
24053_100,RE7,,100,576
24055_100,RB14,,100,164
24056_100,RB20,,100,147
24057_100,RE10,,100,51
24109_700,RE1,,700,47
24116_700,RB32,,700,40
24141_2,IRE,,2,15
24171_700,RE2,,700,87
24172_700,RE4,,700,43
24194_700,RE8,,700,4
24394_700,RB37,,700,15
24407_700,RE13,,700,16
24415_100,RE8,,100,62
24524_700,RE11,,700,16
24694_700,903,,700,66
24714_700,T1,,700,200
24715_700,T3,,700,95
24716_700,T4,,700,64
24718_700,T6,,700,34
24759_700,X36,,700,672
24824_700,601,,700,22
24825_700,602,,700,11
24826_700,603,,700,9
24827_700,604,,700,29
24828_700,605,,700,17
24829_700,606,,700,18
24830_700,607,,700,29
24831_700,608,,700,4
24832_700,609,,700,22
24833_700,610,,700,12
24834_700,611,,700,20
24835_700,612,,700,10
24836_700,613,,700,32
24837_700,614,,700,7
24838_700,615,,700,16
24839_700,616,,700,50
24840_700,617,,700,37
24841_700,618,,700,30
24842_700,619,,700,9
24843_700,620,,700,31
24844_700,621,,700,24
24845_700,622,,700,57
24846_700,623,,700,32
24847_700,624,,700,22
24848_700,625,,700,13
24849_700,626,,700,38
24850_700,641,,700,32
24851_700,642,,700,11
24852_700,643,,700,11
24853_700,661,,700,9
24864_109,S5,,109,83
25205_700,RE8,,700,12
25219_700,T9,,700,49
25250_700,RE2X,,700,56
25297_100,RE5,,100,2
25305_700,RB66X,,700,17
25354_700,825,,700,120
25489_700,721,,700,58
25529_700,511,,700,54
25904_700,A/690,,700,18
25905_700,B/691,,700,26
25906_700,C/692,,700,30
25907_700,G/693,,700,21
25929_109,S3,,109,14
26405_700,923,,700,4
26409_700,825,,700,66
26410_700,958,,700,71
26454_700,938,,700,25
26519_700,428,,700,34
26574_700,RE3X,,700,19
26747_100,RB91,,100,22
26748_100,RB93,,100,22
26780_700,358,,700,88
26781_700,893,,700,170
26782_700,N63,,700,74
26783_100,RB12,,100,16
26783_106,RB12,,106,128
26784_100,RB25,,100,98
26784_106,RB25,,106,209
26785_100,RB26,,100,43
26785_106,RB26,,106,171
26786_100,RB27,,100,8
26786_106,RB27,,106,224
26787_106,RB35,,106,76
26788_100,RB36,,100,38
26788_106,RB36,,106,116
26789_100,RB54,,100,1
26789_106,RB54,,106,56
26790_100,RB60,,100,7
26790_106,RB60,,106,251
26791_106,RB61,,106,38
26792_106,RB62,,106,16
26793_100,RB63,,100,8
26793_106,RB63,,106,89
26794_100,TES,,100,55
26954_100,RE85,,100,65
26974_700,RB17,,700,15
26978_700,800,,700,53
26979_700,849,,700,48
26980_700,850,,700,10
26981_700,851,,700,47
26982_700,852,,700,3
26983_700,853,,700,35
26984_700,854,,700,30
26985_700,855,,700,78
26986_700,856,,700,29
26987_700,857,,700,14
26988_700,858,,700,46
26989_700,859,,700,23
26990_700,860,,700,37
26991_700,861,,700,41
26992_700,866,,700,27
26993_700,868,,700,53
26994_700,870,,700,12
26995_700,872,,700,102
26996_700,873,,700,29
26997_700,876,,700,6
26998_700,877,,700,36
26999_700,879,,700,42
27000_700,880,,700,28
27001_700,881,,700,28
27002_700,883,,700,4
27003_700,884,,700,19
27004_700,885,,700,39
27005_700,886,,700,55
27006_700,887,,700,28
27007_700,890,,700,143
27008_700,892,,700,7
27009_700,894,,700,16
27044_700,X19,,700,38
27180_100,RB91,,100,10
27265_700,400,,700,93
27266_700,401,,700,27
27267_700,402,,700,20
27268_700,403,,700,48
27269_700,404,,700,32
27270_700,405,,700,35
27271_700,406,,700,16
27272_700,407,,700,19
27273_700,408,,700,12
27274_700,409,,700,37
27275_700,411,,700,224
27276_700,412,,700,144
27277_700,413,,700,138
27278_700,414,,700,78
27279_700,416,,700,65
27280_700,418,,700,152
27281_700,419,,700,18
27282_700,420,,700,42
27283_700,421,,700,18
27284_700,423,,700,19
27285_700,424,,700,50
27286_700,426,,700,48
27287_700,427,,700,27
27288_700,428,,700,55
27289_700,429,,700,83
27290_700,430,,700,67
27291_700,431,,700,68
27292_700,432,,700,74
27293_700,433,,700,57
27294_700,434,,700,34
27295_700,435,,700,96
27296_700,436,,700,59
27297_700,437,,700,20
27298_700,438,,700,34
27299_700,439,,700,55
27300_700,440,,700,101
27301_700,441,,700,19
27302_700,451,,700,31
27303_700,452,,700,32
27304_700,453,,700,17
27306_700,455,,700,34
27307_700,456,,700,34
27308_700,457,,700,43
27309_700,458,,700,37
27310_700,459,,700,8
27311_700,460,,700,39
27312_700,461,,700,34
27313_700,462,,700,24
27314_700,463,,700,50
27315_700,464,,700,31
27316_700,722,,700,10
27317_700,733,,700,1
27346_700,T,,700,46
27347_700,P,,700,36
27349_700,S,,700,44
27353_700,R,,700,518
27356_700,X9,,700,39
27360_700,X8,,700,44
27362_700,X4,,700,322
27544_700,A400,,700,8
27569_700,215,,700,375
27845_700,F,,700,79
27914_3,686,,3,8
27915_700,619,,700,144
27916_700,662,,700,79
27934_700,520,,700,100
27935_700,521,,700,46
27936_700,522,,700,24
27937_700,524,,700,32
27938_700,525,,700,21
27939_700,526,,700,19
27940_700,527,,700,56
27941_700,527e,,700,23
27942_700,534,,700,25
27943_700,536,,700,30
27944_700,542,,700,37
27945_700,544,,700,124
27946_700,546,,700,34
27947_700,550,,700,59
27948_700,551,,700,31
27949_700,552,,700,30
27950_700,553,,700,27
27951_700,558,,700,47
27952_700,560,,700,69
27953_700,565,,700,18
27954_700,570,,700,52
27955_700,571,,700,8
27956_700,575,,700,15
27957_700,577,,700,37
27958_700,578,,700,11
27959_700,579,,700,66
27960_700,579e,,700,12
27961_700,581,,700,33
27962_700,584,,700,9
27963_700,585,,700,68
27964_700,586,,700,14
27965_700,587,,700,35
27966_700,592,,700,22
27967_700,595,,700,34
27968_700,598,,700,47
27969_700,599,,700,20
28039_700,RE4A,,700,47
28040_700,RE4B,,700,20
28041_700,RE4X,,700,22
28054_100,RB92,,100,20
28054_700,RB92,,700,20
28109_700,415,,700,153
28169_900,16,,900,307
28258_100,RB10,,100,159
28259_100,RE8,,100,229
28260_900,21,,900,266
28311_100,RE20,,100,82
28323_106,RB13,,106,38
327_700,B/522,,700,447
328_700,C/523,,700,97
329_700,D/524,,700,65
330_700,E/525,,700,202
331_700,F/526,,700,57
333_700,H/528,,700,142
335_700,W/540,,700,124
336_700,N1,,700,56
337_700,N2,,700,55
340_900,1,,900,391
343_900,6,,900,404
3713_700,649,,700,191
3975_700,660,,700,59
4221_700,864,,700,181
4222_700,865,,700,113
4223_700,868,,700,453
4224_700,873,,700,91
4225_700,874,,700,100
4226_700,875,,700,48
4227_700,876,,700,52
4228_700,877,,700,92
4229_700,878,,700,91
4231_700,880,,700,68
4232_700,881,,700,45
4234_700,883,,700,17
4235_700,884,,700,76
4236_700,885,,700,101
4237_700,886,,700,109
4238_700,887,,700,78
4239_700,890,,700,140
4240_700,891,,700,200
4241_700,892,,700,90
4242_700,893,,700,390
4243_700,894,,700,225
4244_700,895,,700,126
4245_700,896,,700,145
4247_700,898,,700,85
4248_700,899,,700,76
4249_700,900,,700,286
4250_700,901,,700,120
4251_700,902,,700,43
4253_700,904,,700,122
4254_700,905,,700,59
4256_700,907,,700,83
4257_700,908,,700,173
4258_700,909,,700,55
4259_700,910,,700,269
4260_700,911,,700,38
4261_700,912,,700,67
4262_700,913,,700,15
4264_700,915,,700,125
4265_700,916,,700,119
4266_700,918,,700,72
4267_700,919,,700,42
4268_700,920,,700,205
4269_700,921,,700,28
4270_700,922,,700,69
4271_700,923,,700,12
4281_700,861,,700,711
4287_700,862,,700,688
4456_700,698,,700,156
4477_700,663,,700,80
4492_700,700,,700,33
4493_700,701,,700,25
4495_700,702,,700,232
4496_700,703,,700,8
4497_700,704,,700,183
4498_700,705,,700,38
4499_700,706,,700,44
4501_700,707,,700,9
4502_700,708,,700,30
4503_700,710,,700,159
4504_700,712,,700,14
4505_700,713,,700,45
4507_700,716,,700,18
4508_700,717,,700,21
4509_700,718,,700,31
4511_700,719,,700,67
4512_700,720,,700,62
4514_700,750,,700,60
4515_700,757,,700,27
4516_700,759,,700,72
4517_700,763,,700,37
4518_700,764,,700,48
4519_700,765,,700,49
4520_700,770,,700,22
4521_700,772,,700,36
5232_3,801,,3,18
5232_700,801,,700,43
5233_3,800,,3,2
5233_700,800,,700,71
5234_3,802,,3,15
5234_700,802,,700,48
5235_700,803,,700,50
5236_3,804,,3,2
5236_700,804,,700,63
5237_700,805,,700,123
5238_700,806,,700,305
5239_700,807,,700,144
5240_700,808,,700,12
5241_700,809,,700,122
5242_700,811,,700,28
5243_3,812,,3,30
5243_700,812,,700,51
5244_3,813,,3,24
5246_700,816,,700,109
5247_700,821,,700,26
5248_700,822,,700,129
5249_700,824,,700,348
5250_3,830,,3,20
5250_700,830,,700,39
5251_3,832,,3,6
5251_700,832,,700,20
5252_3,833,,3,18
5252_700,833,,700,60
5253_3,835,,3,4
5253_700,835,,700,25
5254_3,836,,3,24
5254_700,836,,700,39
5255_3,837,,3,8
5255_700,837,,700,29
5256_3,838,,3,47
5256_700,838,,700,24
5257_3,839,,3,35
5257_700,839,,700,44
5258_3,841,,3,12
5258_700,841,,700,21
5259_3,842,,3,9
5259_700,842,,700,8
5260_3,843,,3,21
5260_700,843,,700,24
5262_3,845,,3,8
5262_700,845,,700,37
5263_3,846,,3,22
5263_700,846,,700,3
5264_3,847,,3,9
5264_700,847,,700,5
5265_3,850,,3,1
5265_700,850,,700,12
5266_3,851,,3,2
5266_700,851,,700,3
5268_3,854,,3,1
5268_700,854,,700,28
5269_3,857,,3,10
5269_700,857,,700,11
5270_700,761,,700,16
5332_700,466,,700,169
5333_700,467,,700,34
5334_700,465,,700,24
5335_700,468,,700,90
5336_700,469,,700,68
5337_700,470,,700,65
5338_700,471,,700,12
5339_700,472,,700,151
5340_700,473,,700,146
5341_700,474,,700,27
5342_700,475,,700,49
5343_700,476,,700,115
5344_700,477,,700,106
5345_700,500,,700,196
5346_700,502,,700,62
5348_700,504,,700,44
5350_700,506,,700,151
5351_700,507,,700,30
5352_700,508,,700,83
5353_700,509,,700,169
5354_700,510,,700,116
5355_700,512,,700,88
5356_700,513,,700,29
5358_700,516,,700,29
5359_700,517,,700,31
5362_700,721,,700,95
5363_700,722,,700,150
5364_700,723,,700,104
5365_700,724,,700,187
5366_700,725,,700,170
5368_700,726,,700,116
5369_700,727,,700,188
5370_700,728,,700,189
5371_700,729,,700,143
5372_700,730,,700,187
5373_700,731,,700,57
5376_700,733,,700,200
5377_700,734,,700,191
5378_700,735,,700,178
5379_700,736,,700,203
5380_700,737,,700,150
5381_700,738,,700,243
5382_700,739,,700,53
5384_700,743,,700,241
5596_700,699,,700,294
5606_700,K/529,,700,8
5607_700,N4,,700,47
5631_700,691,,700,62
5633_900,91,,900,335
5635_900,96,,900,484
6617_700,751,,700,35
6618_700,753,,700,44
6620_700,754,,700,59
6621_700,756,,700,47
6622_700,758,,700,44
6624_700,766,,700,14
6625_700,768,,700,49
6626_700,769,,700,44
6629_700,771,,700,61
7251_700,869,,700,134
7361_700,690,,700,240
7362_900,93,,900,171
9696_700,711,,700,179
